date,close
2011-09-07,2527.699951171875
2011-09-08,2523.590087890625
2011-09-09,2523.590087890625
2011-09-12,2456.0
2011-09-13,2407.489990234375
2011-09-14,2414.2900390625
2011-09-15,2461.93994140625
2011-09-16,2481.590087890625
2011-09-19,2457.030029296875
2011-09-20,2495.419921875
2011-09-21,2494.639892578125
2011-09-22,2405.110107421875
2011-09-23,2379.39990234375
2011-09-26,2336.169921875
2011-09-27,2389.030029296875
2011-09-28,2367.179931640625
2011-09-29,2384.7900390625
2011-09-30,2348.60009765625
2011-10-03,2299.320068359375
2011-10-04,2271.889892578125
2011-10-05,2264.840087890625
2011-10-07,2325.570068359375
2011-10-10,2374.010009765625
2011-10-11,2382.580078125
2011-10-12,2422.409912109375
2011-10-13,2397.52001953125
2011-10-14,2405.10009765625
2011-10-17,2392.080078125
2011-10-18,2367.97998046875
2011-10-19,2405.469970703125
2011-10-20,2385.889892578125
2011-10-21,2362.719970703125
2011-10-24,2389.429931640625
2011-10-25,2438.679931640625
2011-10-28,2549.449951171875
2011-10-31,2502.469970703125
2011-11-01,2478.18994140625
2011-11-02,2485.699951171875
2011-11-03,2495.35009765625
2011-11-04,2511.889892578125
2011-11-08,2518.06005859375
2011-11-09,2463.4599609375
2011-11-11,2439.489990234375
2011-11-14,2400.179931640625
2011-11-15,2359.159912109375
2011-11-16,2347.010009765625
2011-11-17,2294.010009765625
2011-11-18,2282.820068359375
2011-11-21,2217.429931640625
2011-11-22,2238.050048828125
2011-11-23,2194.300048828125
2011-11-24,2213.27001953125
2011-11-25,2183.25
2011-11-28,2265.219970703125
2011-11-29,2234.489990234375
2011-11-30,2250.3798828125
2011-12-01,2307.389892578125
2011-12-02,2364.909912109375
2011-12-05,2357.969970703125
2011-12-07,2365.169921875
2011-12-08,2309.139892578125
2011-12-09,2280.739990234375
2011-12-12,2203.830078125
2011-12-13,2231.02001953125
2011-12-14,2196.06005859375
2011-12-15,2203.239990234375
2011-12-16,2157.330078125
2011-12-19,2151.77001953125
2011-12-20,2096.860107421875
2011-12-21,2160.18994140625
2011-12-22,2178.5400390625
2011-12-23,2164.409912109375
2011-12-26,2189.280029296875
2011-12-27,2174.919921875
2011-12-28,2149.820068359375
2011-12-29,2127.14990234375
2011-12-30,2113.85009765625
2012-01-02,2121.639892578125
2012-01-03,2186.679931640625
2012-01-04,2177.800048828125
2012-01-05,2164.72998046875
2012-01-06,2164.070068359375
2012-01-09,2168.5
2012-01-10,2219.68994140625
2012-01-11,2219.68994140625
2012-01-12,2241.47998046875
2012-01-13,2298.64990234375
2012-01-16,2288.530029296875
2012-01-17,2288.530029296875
2012-01-18,2351.25
2012-01-19,2410.699951171875
2012-01-23,2391.77001953125
2012-01-24,2391.77001953125
2012-01-25,2442.909912109375
2012-01-27,2484.669921875
2012-01-30,2428.080078125
2012-01-31,2467.800048828125
2012-02-01,2510.820068359375
2012-02-02,2538.550048828125
2012-02-03,2550.27001953125
2012-02-06,2579.659912109375
2012-02-07,2565.31005859375
2012-02-08,2599.72998046875
2012-02-09,2627.260009765625
2012-02-10,2623.429931640625
2012-02-13,2633.31005859375
2012-02-14,2636.60009765625
2012-02-15,2686.60009765625
2012-02-16,2676.5
2012-02-17,2691.239990234375
2012-02-21,2711.8701171875
2012-02-22,2630.320068359375
2012-02-23,2613.679931640625
2012-02-24,2605.010009765625
2012-02-27,2517.75
2012-02-28,2574.199951171875
2012-02-29,2613.39990234375
2012-03-01,2599.25
2012-03-02,2596.550048828125
2012-03-05,2557.0
2012-03-06,2491.75
2012-03-07,2469.449951171875
2012-03-09,2541.800048828125
2012-03-12,2555.550048828125
2012-03-13,2611.64990234375
2012-03-14,2621.89990234375
2012-03-15,2589.949951171875
2012-03-16,2531.60009765625
2012-03-19,2506.64990234375
2012-03-20,2516.64990234375
2012-03-21,2551.35009765625
2012-03-22,2472.10009765625
2012-03-23,2477.050048828125
2012-03-26,2419.75
2012-03-27,2436.25
2012-03-28,2405.550048828125
2012-03-29,2413.699951171875
2012-03-30,2473.550048828125
2012-04-02,2472.85009765625
2012-04-03,2507.699951171875
2012-04-04,2492.39990234375
2012-04-09,2428.949951171875
2012-04-10,2417.60009765625
2012-04-11,2385.64990234375
2012-04-12,2415.85009765625
2012-04-13,2413.699951171875
2012-04-16,2407.699951171875
2012-04-17,2449.10009765625
2012-04-18,2473.300048828125
2012-04-19,2475.0
2012-04-20,2445.699951171875
2012-04-23,2399.85009765625
2012-04-24,2398.5
2012-04-25,2387.35009765625
2012-04-26,2370.75
2012-04-27,2358.800048828125
2012-04-30,2399.64990234375
2012-05-02,2379.10009765625
2012-05-03,2349.5
2012-05-04,2295.949951171875
2012-05-07,2328.199951171875
2012-05-08,2296.10009765625
2012-05-09,2257.449951171875
2012-05-10,2255.10009765625
2012-05-11,2221.199951171875
2012-05-14,2206.60009765625
2012-05-15,2228.0
2012-05-16,2194.800048828125
2012-05-17,2200.699951171875
2012-05-18,2205.449951171875
2012-05-21,2219.60009765625
2012-05-22,2185.449951171875
2012-05-23,2168.25
2012-05-24,2200.60009765625
2012-05-25,2210.199951171875
2012-05-28,2231.699951171875
2012-05-29,2236.60009765625
2012-05-30,2224.699951171875
2012-05-31,2221.300048828125
2012-06-01,2183.050048828125
2012-06-04,2178.699951171875
2012-06-05,2181.10009765625
2012-06-06,2239.050048828125
2012-06-07,2258.550048828125
2012-06-08,2265.25
2012-06-11,2264.550048828125
2012-06-12,2296.39990234375
2012-06-13,2292.25
2012-06-14,2271.35009765625
2012-06-15,2306.14990234375
2012-06-18,2283.300048828125
2012-06-19,2296.199951171875
2012-06-20,2320.85009765625
2012-06-21,2330.89990234375
2012-06-22,2315.949951171875
2012-06-25,2300.89990234375
2012-06-26,2315.550048828125
2012-06-27,2335.39990234375
2012-06-28,2345.699951171875
2012-06-29,2400.449951171875
2012-07-02,2416.199951171875
2012-07-03,2430.75
2012-07-04,2445.10009765625
2012-07-05,2443.949951171875
2012-07-06,2427.699951171875
2012-07-09,2396.89990234375
2012-07-10,2421.60009765625
2012-07-11,2405.0
2012-07-12,2397.050048828125
2012-07-13,2382.89990234375
2012-07-16,2356.699951171875
2012-07-17,2346.550048828125
2012-07-18,2366.10009765625
2012-07-19,2385.39990234375
2012-07-20,2376.5
2012-07-23,2332.60009765625
2012-07-24,2341.64990234375
2012-07-25,2314.300048828125
2012-07-26,2282.699951171875
2012-07-27,2313.300048828125
2012-07-30,2355.89990234375
2012-07-31,2379.85009765625
2012-08-01,2378.35009765625
2012-08-02,2370.699951171875
2012-08-03,2358.35009765625
2012-08-06,2380.949951171875
2012-08-07,2393.800048828125
2012-08-08,2403.800048828125
2012-08-09,2407.800048828125
2012-08-10,2413.199951171875
2012-08-13,2427.050048828125
2012-08-14,2443.449951171875
2012-08-16,2429.050048828125
2012-08-17,2400.89990234375
2012-08-21,2423.25
2012-08-22,2416.300048828125
2012-08-23,2413.449951171875
2012-08-24,2405.89990234375
2012-08-27,2391.35009765625
2012-08-28,2360.89990234375
2012-08-29,2336.89990234375
2012-08-30,2330.89990234375
2012-08-31,2303.75
2012-09-03,2292.35009765625
2012-09-04,2306.199951171875
2012-09-05,2276.949951171875
2012-09-06,2296.25
2012-09-07,2332.699951171875
2012-09-10,2350.949951171875
2012-09-11,2347.0
2012-09-12,2363.300048828125
2012-09-13,2361.5
2012-09-14,2426.300048828125
2012-09-17,2451.25
2012-09-18,2442.75
2012-09-20,2415.949951171875
2012-09-21,2494.10009765625
2012-09-24,2487.5
2012-09-25,2473.75
2012-09-26,2470.64990234375
2012-09-27,2462.0
2012-09-28,2495.10009765625
2012-10-01,2509.60009765625
2012-10-03,2518.89990234375
2012-10-04,2532.89990234375
2012-10-05,2524.949951171875
2012-10-08,2492.14990234375
2012-10-09,2500.64990234375
2012-10-10,2471.39990234375
2012-10-11,2500.60009765625
2012-10-12,2508.300048828125
2012-10-15,2514.699951171875
2012-10-16,2483.85009765625
2012-10-17,2481.050048828125
2012-10-18,2497.10009765625
2012-10-19,2470.800048828125
2012-10-22,2478.949951171875
2012-10-23,2465.64990234375
2012-10-25,2462.89990234375
2012-10-29,2456.199951171875
2012-10-30,2421.25
2012-10-31,2426.5
2012-11-01,2438.85009765625
2012-11-02,2455.0
2012-11-05,2449.199951171875
2012-11-06,2457.85009765625
2012-11-07,2460.949951171875
2012-11-08,2452.89990234375
2012-11-09,2423.5
2012-11-12,2410.25
2012-11-15,2382.85009765625
2012-11-16,2366.10009765625
2012-11-19,2351.10009765625
2012-11-20,2335.699951171875
2012-11-21,2345.5
2012-11-22,2352.60009765625
2012-11-23,2347.64990234375
2012-11-26,2350.199951171875
2012-11-27,2375.35009765625
2012-11-29,2406.35009765625
2012-11-30,2444.199951171875
2012-12-03,2460.050048828125
2012-12-04,2466.699951171875
2012-12-05,2476.75
2012-12-06,2495.64990234375
2012-12-07,2485.89990234375
2012-12-10,2477.60009765625
2012-12-11,2465.25
2012-12-12,2449.550048828125
2012-12-13,2430.800048828125
2012-12-14,2456.39990234375
2012-12-17,2470.0
2012-12-18,2494.75
2012-12-19,2525.89990234375
2012-12-20,2525.85009765625
2012-12-21,2486.949951171875
2012-12-24,2479.75
2012-12-26,2497.10009765625
2012-12-27,2486.85009765625
2012-12-28,2511.14990234375
2012-12-31,2522.39990234375
2013-01-01,2550.0
2013-01-02,2566.89990234375
2013-01-03,2581.10009765625
2013-01-04,2587.300048828125
2013-01-07,2599.39990234375
2013-01-08,2589.85009765625
2013-01-09,2572.39990234375
2013-01-10,2559.85009765625
2013-01-11,2514.75
2013-01-14,2544.449951171875
2013-01-15,2564.64990234375
2013-01-16,2535.39990234375
2013-01-17,2560.199951171875
2013-01-18,2595.14990234375
2013-01-21,2606.25
2013-01-22,2593.14990234375
2013-01-23,2581.800048828125
2013-01-24,2544.25
2013-01-25,2562.75
2013-01-28,2550.300048828125
2013-01-29,2532.699951171875
2013-01-30,2542.14990234375
2013-01-31,2543.550048828125
2013-02-01,2531.050048828125
2013-02-04,2507.199951171875
2013-02-05,2504.199951171875
2013-02-06,2508.89990234375
2013-02-07,2481.550048828125
2013-02-08,2443.550048828125
2013-02-11,2440.300048828125
2013-02-12,2447.800048828125
2013-02-13,2434.449951171875
2013-02-14,2424.89990234375
2013-02-15,2414.89990234375
2013-02-18,2418.050048828125
2013-02-19,2440.699951171875
2013-02-20,2448.35009765625
2013-02-21,2403.699951171875
2013-02-22,2405.050048828125
2013-02-25,2386.199951171875
2013-02-26,2343.800048828125
2013-02-27,2361.39990234375
2013-02-28,2297.300048828125
2013-03-01,2311.800048828125
2013-03-04,2267.64990234375
2013-03-05,2314.35009765625
2013-03-06,2332.800048828125
2013-03-07,2324.699951171875
2013-03-08,2362.0
2013-03-11,2359.800048828125
2013-03-12,2347.14990234375
2013-03-13,2320.75
2013-03-14,2339.5
2013-03-15,2324.0
2013-03-18,2292.300048828125
2013-03-19,2243.800048828125
2013-03-20,2205.550048828125
2013-03-21,2171.800048828125
2013-03-22,2175.050048828125
2013-03-25,2177.050048828125
2013-03-26,2159.35009765625
2013-03-28,2182.75
2013-04-01,2189.699951171875
2013-04-02,2220.75
2013-04-03,2194.550048828125
2013-04-04,2158.5
2013-04-05,2164.10009765625
2013-04-08,2169.300048828125
2013-04-09,2157.800048828125
2013-04-10,2166.199951171875
2013-04-11,2151.64990234375
2013-04-12,2169.050048828125
2013-04-15,2182.75
2013-04-16,2223.25
2013-04-17,2222.39990234375
2013-04-18,2241.0
2013-04-22,2261.35009765625
2013-04-23,2259.550048828125
2013-04-25,2296.75
2013-04-26,2268.949951171875
2013-04-29,2274.199951171875
2013-04-30,2275.14990234375
2013-05-02,2289.64990234375
2013-05-03,2286.199951171875
2013-05-06,2303.300048828125
2013-05-07,2312.449951171875
2013-05-08,2309.449951171875
2013-05-09,2301.75
2013-05-10,2304.5
2013-05-13,2265.75
2013-05-14,2273.39990234375
2013-05-15,2310.199951171875
2013-05-16,2329.10009765625
2013-05-17,2341.35009765625
2013-05-20,2331.14990234375
2013-05-21,2297.0
2013-05-22,2283.699951171875
2013-05-23,2230.14990234375
2013-05-24,2250.85009765625
2013-05-27,2287.85009765625
2013-05-28,2302.85009765625
2013-05-29,2286.75
2013-05-30,2279.050048828125
2013-05-31,2229.14990234375
2013-06-03,2210.39990234375
2013-06-04,2211.199951171875
2013-06-05,2222.050048828125
2013-06-06,2217.10009765625
2013-06-07,2194.64990234375
2013-06-10,2190.89990234375
2013-06-11,2137.25
2013-06-12,2121.699951171875
2013-06-13,2099.800048828125
2013-06-14,2146.800048828125
2013-06-17,2155.10009765625
2013-06-18,2149.199951171875
2013-06-19,2158.25
2013-06-20,2090.5
2013-06-21,2085.35009765625
2013-06-24,2051.699951171875
2013-06-25,2053.35009765625
2013-06-26,2046.0
2013-06-27,2075.949951171875
2013-06-28,2141.449951171875
2013-07-01,2181.800048828125
2013-07-02,2159.5
2013-07-03,2111.35009765625
2013-07-04,2122.75
2013-07-05,2135.0
2013-07-08,2110.64990234375
2013-07-09,2123.75
2013-07-10,2101.699951171875
2013-07-11,2141.75
2013-07-12,2142.85009765625
2013-07-15,2142.60009765625
2013-07-16,2138.85009765625
2013-07-17,2135.60009765625
2013-07-18,2160.85009765625
2013-07-19,2159.199951171875
2013-07-22,2138.14990234375
2013-07-23,2148.35009765625
2013-07-24,2120.14990234375
2013-07-25,2076.800048828125
2013-07-26,2059.60009765625
2013-07-29,2033.949951171875
2013-07-30,1977.75
2013-07-31,1988.1500244140625
2013-08-01,1948.9000244140625
2013-08-02,1913.5999755859375
2013-08-05,1932.0
2013-08-06,1868.5
2013-08-07,1904.5
2013-08-08,1931.0
2013-08-12,1967.5999755859375
2013-08-13,1974.800048828125
2013-08-14,2020.8499755859375
2013-08-16,1928.8499755859375
2013-08-19,1921.050048828125
2013-08-20,1937.9000244140625
2013-08-21,1877.5
2013-08-22,1952.8499755859375
2013-08-23,1966.449951171875
2013-08-26,1980.25
2013-08-27,1909.75
2013-08-28,1908.199951171875
2013-08-29,1943.5999755859375
2013-08-30,1935.550048828125
2013-09-02,1964.800048828125
2013-09-03,1913.300048828125
2013-09-04,1952.550048828125
2013-09-05,1989.449951171875
2013-09-06,2018.75
2013-09-10,2075.699951171875
2013-09-11,2107.449951171875
2013-09-12,2073.64990234375
2013-09-13,2090.89990234375
2013-09-16,2075.85009765625
2013-09-17,2081.5
2013-09-18,2098.60009765625
2013-09-19,2176.300048828125
2013-09-20,2171.550048828125
2013-09-23,2141.25
2013-09-24,2134.89990234375
2013-09-25,2141.949951171875
2013-09-26,2139.35009765625
2013-09-27,2126.89990234375
2013-09-30,2091.85009765625
2013-10-01,2076.5
2013-10-03,2142.85009765625
2013-10-04,2148.39990234375
2013-10-07,2158.14990234375
2013-10-08,2161.0
2013-10-09,2180.199951171875
2013-10-10,2189.550048828125
2013-10-11,2170.0
2013-10-14,2171.35009765625
2013-10-15,2170.449951171875
2013-10-17,2174.800048828125
2013-10-18,2219.050048828125
2013-10-21,2240.75
2013-10-22,2247.25
2013-10-23,2226.14990234375
2013-10-24,2215.25
2013-10-25,2198.949951171875
2013-10-28,2177.949951171875
2013-10-29,2222.300048828125
2013-10-30,2223.550048828125
2013-10-31,2247.300048828125
2013-11-01,2254.25
2013-11-05,2263.949951171875
2013-11-06,2249.89990234375
2013-11-07,2240.550048828125
2013-11-08,2231.699951171875
2013-11-11,2203.10009765625
2013-11-12,2174.75
2013-11-13,2169.75
2013-11-14,2193.85009765625
2013-11-18,2228.449951171875
2013-11-19,2226.699951171875
2013-11-20,2215.60009765625
2013-11-21,2173.85009765625
2013-11-22,2177.5
2013-11-25,2211.64990234375
2013-11-26,2190.699951171875
2013-11-27,2198.10009765625
2013-11-28,2217.300048828125
2013-11-29,2249.39990234375
2013-12-02,2255.050048828125
2013-12-03,2256.449951171875
2013-12-04,2250.449951171875
2013-12-05,2271.60009765625
2013-12-06,2296.050048828125
2013-12-09,2336.449951171875
2013-12-10,2305.699951171875
2013-12-11,2294.050048828125
2013-12-12,2268.199951171875
2013-12-13,2238.75
2013-12-16,2229.800048828125
2013-12-17,2220.75
2013-12-18,2249.75
2013-12-19,2229.800048828125
2013-12-20,2268.550048828125
2013-12-23,2289.699951171875
2013-12-24,2282.60009765625
2013-12-26,2292.10009765625
2013-12-27,2300.449951171875
2013-12-30,2296.199951171875
2013-12-31,2304.449951171875
2014-01-01,2306.800048828125
2014-01-02,2261.25
2014-01-03,2232.89990234375
2014-01-06,2232.300048828125
2014-01-07,2199.449951171875
2014-01-08,2206.10009765625
2014-01-09,2219.5
2014-01-10,2201.39990234375
2014-01-13,2216.14990234375
2014-01-14,2196.64990234375
2014-01-15,2216.14990234375
2014-01-16,2231.800048828125
2014-01-17,2226.050048828125
2014-01-20,2224.14990234375
2014-01-21,2223.39990234375
2014-01-22,2238.300048828125
2014-01-23,2227.64990234375
2014-01-24,2201.10009765625
2014-01-27,2139.25
2014-01-28,2150.449951171875
2014-01-29,2144.800048828125
2014-01-30,2111.300048828125
2014-01-31,2135.64990234375
2014-02-03,2091.050048828125
2014-02-04,2091.199951171875
2014-02-05,2107.800048828125
2014-02-06,2124.89990234375
2014-02-07,2162.75
2014-02-10,2163.10009765625
2014-02-11,2158.699951171875
2014-02-12,2148.10009765625
2014-02-13,2106.60009765625
2014-02-14,2117.25
2014-02-17,2116.25
2014-02-18,2132.449951171875
2014-02-19,2125.89990234375
2014-02-20,2106.199951171875
2014-02-21,2139.35009765625
2014-02-24,2125.050048828125
2014-02-25,2114.449951171875
2014-02-26,2103.800048828125
2014-02-28,2110.89990234375
2014-03-03,2104.85009765625
2014-03-04,2152.0
2014-03-05,2167.050048828125
2014-03-06,2221.89990234375
2014-03-07,2264.699951171875
2014-03-10,2263.199951171875
2014-03-11,2245.39990234375
2014-03-12,2230.89990234375
2014-03-13,2232.89990234375
2014-03-14,2237.800048828125
2014-03-18,2254.300048828125
2014-03-19,2265.14990234375
2014-03-20,2242.60009765625
2014-03-21,2247.75
2014-03-24,2277.75
2014-03-25,2279.14990234375
2014-03-26,2312.699951171875
2014-03-27,2330.550048828125
2014-03-28,2378.35009765625
2014-03-31,2412.199951171875
2014-04-01,2423.449951171875
2014-04-02,2425.60009765625
2014-04-03,2423.449951171875
2014-04-04,2418.800048828125
2014-04-07,2428.64990234375
2014-04-09,2462.050048828125
2014-04-10,2488.75
2014-04-11,2483.25
2014-04-15,2449.25
2014-04-16,2428.949951171875
2014-04-17,2471.050048828125
2014-04-21,2496.10009765625
2014-04-22,2494.199951171875
2014-04-23,2487.199951171875
2014-04-25,2448.949951171875
2014-04-28,2442.300048828125
2014-04-29,2417.5
2014-04-30,2390.5
2014-05-02,2386.39990234375
2014-05-05,2403.199951171875
2014-05-06,2406.449951171875
2014-05-07,2395.14990234375
2014-05-08,2391.89990234375
2014-05-09,2476.449951171875
2014-05-12,2535.300048828125
2014-05-13,2585.89990234375
2014-05-14,2625.10009765625
2014-05-15,2622.300048828125
2014-05-16,2699.85009765625
2014-05-19,2849.35009765625
2014-05-20,2840.85009765625
2014-05-21,2831.949951171875
2014-05-22,2873.5
2014-05-23,2930.5
2014-05-26,2908.199951171875
2014-05-27,2888.0
2014-05-28,2885.85009765625
2014-05-29,2852.85009765625
2014-05-30,2866.550048828125
2014-06-02,2929.300048828125
2014-06-03,3026.89990234375
2014-06-04,3043.75
2014-06-05,3126.199951171875
2014-06-06,3171.449951171875
2014-06-09,3222.199951171875
2014-06-10,3185.89990234375
2014-06-11,3113.5
2014-06-12,3118.14990234375
2014-06-13,3037.050048828125
2014-06-16,3046.300048828125
2014-06-17,3102.60009765625
2014-06-18,3065.5
2014-06-19,3024.800048828125
2014-06-20,3000.75
2014-06-23,3031.39990234375
2014-06-24,3072.800048828125
2014-06-25,3067.60009765625
2014-06-26,3006.699951171875
2014-06-27,2986.550048828125
2014-06-30,3044.75
2014-07-01,3062.60009765625
2014-07-02,3110.85009765625
2014-07-03,3086.64990234375
2014-07-04,3084.699951171875
2014-07-07,3080.050048828125
2014-07-08,2960.199951171875
2014-07-09,2954.10009765625
2014-07-10,2971.64990234375
2014-07-11,2883.75
2014-07-14,2897.60009765625
2014-07-15,2937.25
2014-07-16,2979.050048828125
2014-07-17,3029.35009765625
2014-07-18,3001.949951171875
2014-07-21,2999.25
2014-07-22,3021.14990234375
2014-07-23,3004.949951171875
2014-07-24,3017.60009765625
2014-07-25,2964.14990234375
2014-07-28,2928.10009765625
2014-07-30,2945.85009765625
2014-07-31,2930.800048828125
2014-08-01,2885.199951171875
2014-08-04,2925.199951171875
2014-08-05,2971.10009765625
2014-08-06,2928.85009765625
2014-08-07,2929.35009765625
2014-08-08,2852.60009765625
2014-08-11,2864.050048828125
2014-08-12,2906.0
2014-08-13,2883.800048828125
2014-08-14,2932.10009765625
2014-08-18,2986.550048828125
2014-08-19,3013.949951171875
2014-08-20,3004.050048828125
2014-08-21,2987.85009765625
2014-08-22,2991.89990234375
2014-08-25,2928.64990234375
2014-08-26,2915.14990234375
2014-08-27,2923.10009765625
2014-08-28,2912.449951171875
2014-09-01,2980.0
2014-09-02,2995.300048828125
2014-09-03,3008.60009765625
2014-09-04,2991.85009765625
2014-09-05,2998.60009765625
2014-09-08,3036.199951171875
2014-09-09,3034.35009765625
2014-09-10,3015.199951171875
2014-09-11,2997.64990234375
2014-09-12,2983.0
2014-09-15,2945.949951171875
2014-09-16,2865.39990234375
2014-09-17,2878.5
2014-09-18,2927.949951171875
2014-09-19,2912.699951171875
2014-09-22,2905.64990234375
2014-09-23,2851.050048828125
2014-09-24,2849.449951171875
2014-09-25,2767.39990234375
2014-09-26,2825.949951171875
2014-09-29,2812.800048828125
2014-09-30,2807.75
2014-10-01,2785.64990234375
2014-10-07,2737.75
2014-10-08,2773.699951171875
2014-10-09,2816.550048828125
2014-10-10,2749.050048828125
2014-10-13,2761.449951171875
2014-10-14,2753.199951171875
2014-10-16,2681.60009765625
2014-10-17,2698.050048828125
2014-10-20,2757.0
2014-10-21,2772.89990234375
2014-10-22,2790.5
2014-10-27,2780.550048828125
2014-10-28,2792.64990234375
2014-10-29,2832.949951171875
2014-10-30,2848.699951171875
2014-10-31,2911.0
2014-11-03,2913.25
2014-11-05,2866.35009765625
2014-11-07,2860.449951171875
2014-11-10,2859.39990234375
2014-11-11,2867.64990234375
2014-11-12,2848.0
2014-11-13,2809.199951171875
2014-11-14,2849.199951171875
2014-11-17,2851.39990234375
2014-11-18,2856.75
2014-11-19,2807.5
2014-11-20,2795.60009765625
2014-11-21,2807.0
2014-11-24,2825.60009765625
2014-11-25,2793.300048828125
2014-11-26,2811.949951171875
2014-11-27,2810.25
2014-11-28,2834.5
2014-12-01,2785.14990234375
2014-12-02,2789.199951171875
2014-12-03,2801.60009765625
2014-12-04,2796.25
2014-12-05,2790.85009765625
2014-12-08,2762.14990234375
2014-12-09,2699.75
2014-12-10,2710.300048828125
2014-12-11,2672.64990234375
2014-12-12,2634.449951171875
2014-12-15,2627.449951171875
2014-12-16,2557.75
2014-12-17,2561.550048828125
2014-12-18,2610.25
2014-12-19,2647.64990234375
2014-12-22,2685.0
2014-12-23,2663.60009765625
2014-12-24,2644.699951171875
2014-12-26,2650.89990234375
2014-12-29,2684.39990234375
2014-12-30,2669.050048828125
2014-12-31,2688.64990234375
2015-01-01,2697.14990234375
2015-01-02,2725.5
2015-01-05,2721.10009765625
2015-01-06,2623.10009765625
2015-01-07,2616.800048828125
2015-01-08,2663.14990234375
2015-01-09,2662.800048828125
2015-01-12,2641.449951171875
2015-01-13,2646.050048828125
2015-01-14,2625.199951171875
2015-01-15,2682.699951171875
2015-01-16,2685.449951171875
2015-01-19,2699.050048828125
2015-01-20,2740.5
2015-01-21,2734.199951171875
2015-01-22,2742.449951171875
2015-01-23,2766.949951171875
2015-01-27,2759.14990234375
2015-01-28,2764.39990234375
2015-01-29,2786.449951171875
2015-01-30,2776.949951171875
2015-02-02,2762.050048828125
2015-02-03,2777.39990234375
2015-02-04,2805.60009765625
2015-02-05,2763.10009765625
2015-02-06,2738.85009765625
2015-02-09,2694.050048828125
2015-02-10,2709.60009765625
2015-02-11,2739.949951171875
2015-02-12,2762.64990234375
2015-02-13,2783.75
2015-02-16,2775.10009765625
2015-02-18,2776.449951171875
2015-02-19,2809.550048828125
2015-02-20,2786.64990234375
2015-02-23,2760.300048828125
2015-02-24,2734.25
2015-02-25,2734.5
2015-02-26,2721.25
2015-02-27,2798.949951171875
2015-03-02,2853.25
2015-03-03,2859.800048828125
2015-03-04,2800.949951171875
2015-03-05,2777.800048828125
2015-03-09,2715.14990234375
2015-03-10,2699.35009765625
2015-03-11,2672.85009765625
2015-03-12,2711.60009765625
2015-03-13,2672.39990234375
2015-03-16,2647.050048828125
2015-03-17,2677.39990234375
2015-03-18,2674.449951171875
2015-03-19,2667.25
2015-03-20,2635.0
2015-03-23,2634.949951171875
2015-03-24,2631.050048828125
2015-03-25,2615.699951171875
2015-03-26,2584.800048828125
2015-03-27,2580.10009765625
2015-03-30,2623.25
2015-03-31,2626.85009765625
2015-04-01,2645.800048828125
2015-04-06,2659.25
2015-04-07,2695.550048828125
2015-04-08,2719.0
2015-04-09,2737.39990234375
2015-04-10,2750.60009765625
2015-04-13,2763.449951171875
2015-04-15,2756.0
2015-04-16,2751.550048828125
2015-04-17,2741.949951171875
2015-04-20,2688.60009765625
2015-04-21,2672.60009765625
2015-04-22,2684.800048828125
2015-04-23,2680.300048828125
2015-04-24,2664.199951171875
2015-04-27,2630.300048828125
2015-04-28,2652.35009765625
2015-04-29,2637.949951171875
2015-04-30,2624.449951171875
2015-05-04,2694.699951171875
2015-05-05,2720.25
2015-05-06,2628.300048828125
2015-05-07,2604.550048828125
2015-05-08,2632.10009765625
2015-05-11,2684.89990234375
2015-05-12,2606.800048828125
2015-05-13,2632.39990234375
2015-05-14,2652.25
2015-05-15,2648.10009765625
2015-05-18,2682.800048828125
2015-05-19,2686.050048828125
2015-05-20,2682.800048828125
2015-05-21,2682.35009765625
2015-05-22,2677.64990234375
2015-05-25,2657.64990234375
2015-05-26,2644.050048828125
2015-05-27,2651.800048828125
2015-05-28,2641.25
2015-05-29,2677.89990234375
2015-06-01,2690.0
2015-06-02,2642.35009765625
2015-06-03,2596.550048828125
2015-06-04,2599.550048828125
2015-06-05,2611.14990234375
2015-06-08,2578.0
2015-06-09,2582.25
2015-06-10,2603.949951171875
2015-06-11,2552.64990234375
2015-06-12,2551.60009765625
2015-06-15,2546.449951171875
2015-06-16,2554.14990234375
2015-06-17,2573.0
2015-06-18,2602.35009765625
2015-06-19,2623.25
2015-06-22,2644.39990234375
2015-06-23,2675.699951171875
2015-06-24,2643.199951171875
2015-06-25,2653.949951171875
2015-06-26,2651.64990234375
2015-06-29,2626.5
2015-06-30,2657.39990234375
2015-07-01,2693.300048828125
2015-07-02,2691.60009765625
2015-07-03,2680.10009765625
2015-07-06,2694.25
2015-07-07,2693.300048828125
2015-07-08,2635.699951171875
2015-07-09,2609.800048828125
2015-07-10,2620.550048828125
2015-07-13,2644.64990234375
2015-07-14,2653.300048828125
2015-07-15,2668.39990234375
2015-07-16,2690.550048828125
2015-07-17,2692.949951171875
2015-07-20,2704.39990234375
2015-07-21,2652.64990234375
2015-07-22,2692.25
2015-07-23,2685.85009765625
2015-07-24,2662.10009765625
2015-07-27,2608.64990234375
2015-07-28,2599.39990234375
2015-07-29,2598.89990234375
2015-07-30,2606.60009765625
2015-07-31,2616.25
2015-08-03,2608.85009765625
2015-08-04,2626.699951171875
2015-08-05,2638.550048828125
2015-08-06,2631.449951171875
2015-08-07,2638.800048828125
2015-08-10,2612.35009765625
2015-08-11,2568.199951171875
2015-08-12,2491.75
2015-08-13,2472.050048828125
2015-08-14,2502.60009765625
2015-08-17,2492.35009765625
2015-08-18,2488.60009765625
2015-08-19,2487.0
2015-08-20,2435.949951171875
2015-08-21,2415.949951171875
2015-08-24,2234.14990234375
2015-08-25,2282.39990234375
2015-08-26,2274.89990234375
2015-08-27,2330.699951171875
2015-08-28,2349.89990234375
2015-08-31,2339.5
2015-09-01,2298.0
2015-09-02,2276.050048828125
2015-09-03,2318.10009765625
2015-09-04,2269.0
2015-09-07,2237.300048828125
2015-09-08,2263.0
2015-09-09,2321.25
2015-09-10,2309.949951171875
2015-09-11,2298.5
2015-09-14,2335.85009765625
2015-09-15,2314.39990234375
2015-09-16,2315.14990234375
2015-09-18,2336.949951171875
2015-09-21,2328.25
2015-09-22,2268.949951171875
2015-09-23,2277.449951171875
2015-09-24,2258.300048828125
2015-09-28,2232.550048828125
2015-09-29,2219.25
2015-09-30,2262.949951171875
2015-10-01,2278.0
2015-10-05,2325.199951171875
2015-10-06,2351.949951171875
2015-10-07,2381.64990234375
2015-10-08,2378.449951171875
2015-10-09,2385.89990234375
2015-10-12,2398.699951171875
2015-10-13,2398.64990234375
2015-10-14,2393.10009765625
2015-10-15,2416.85009765625
2015-10-16,2431.699951171875
2015-10-19,2436.800048828125
2015-10-20,2421.75
2015-10-21,2422.89990234375
2015-10-23,2432.300048828125
2015-10-26,2414.949951171875
2015-10-27,2408.10009765625
2015-10-28,2404.449951171875
2015-10-29,2391.75
2015-10-30,2387.550048828125
2015-11-02,2388.35009765625
2015-11-03,2402.10009765625
2015-11-04,2401.39990234375
2015-11-05,2379.5
2015-11-06,2379.39990234375
2015-11-09,2374.14990234375
2015-11-10,2303.800048828125
2015-11-13,2310.35009765625
2015-11-16,2316.5
2015-11-17,2321.75
2015-11-18,2307.050048828125
2015-11-19,2334.050048828125
2015-11-20,2349.85009765625
2015-11-23,2337.64990234375
2015-11-24,2343.14990234375
2015-11-26,2363.050048828125
2015-11-27,2364.64990234375
2015-11-30,2355.050048828125
2015-12-01,2394.699951171875
2015-12-02,2400.64990234375
2015-12-03,2380.699951171875
2015-12-04,2362.449951171875
2015-12-07,2353.89990234375
2015-12-08,2309.449951171875
2015-12-09,2259.199951171875
2015-12-10,2295.10009765625
2015-12-11,2280.199951171875
2015-12-14,2300.14990234375
2015-12-15,2312.85009765625
2015-12-16,2337.89990234375
2015-12-17,2370.949951171875
2015-12-18,2351.800048828125
2015-12-21,2372.64990234375
2015-12-22,2366.39990234375
2015-12-23,2396.699951171875
2015-12-24,2405.64990234375
2015-12-28,2415.699951171875
2015-12-29,2419.64990234375
2015-12-30,2414.39990234375
2015-12-31,2432.14990234375
2016-01-01,2448.699951171875
2016-01-04,2415.449951171875
2016-01-05,2443.85009765625
2016-01-06,2442.300048828125
2016-01-07,2362.550048828125
2016-01-08,2388.64990234375
2016-01-11,2383.050048828125
2016-01-12,2362.75
2016-01-13,2362.64990234375
2016-01-14,2341.699951171875
2016-01-15,2301.699951171875
2016-01-18,2249.85009765625
2016-01-19,2269.39990234375
2016-01-20,2211.35009765625
2016-01-21,2194.550048828125
2016-01-22,2252.050048828125
2016-01-25,2264.050048828125
2016-01-27,2270.449951171875
2016-01-28,2274.64990234375
2016-01-29,2315.75
2016-02-01,2319.550048828125
2016-02-02,2251.35009765625
2016-02-03,2208.0
2016-02-04,2226.25
2016-02-05,2258.199951171875
2016-02-08,2234.800048828125
2016-02-09,2216.35009765625
2016-02-10,2211.699951171875
2016-02-11,2136.550048828125
2016-02-12,2114.89990234375
2016-02-15,2211.0
2016-02-16,2177.14990234375
2016-02-17,2193.300048828125
2016-02-18,2218.39990234375
2016-02-19,2214.800048828125
2016-02-22,2232.89990234375
2016-02-23,2187.64990234375
2016-02-24,2164.550048828125
2016-02-25,2158.60009765625
2016-02-26,2173.0
2016-02-29,2155.64990234375
2016-03-01,2209.699951171875
2016-03-02,2245.550048828125
2016-03-03,2284.89990234375
2016-03-04,2303.14990234375
2016-03-08,2329.199951171875
2016-03-09,2334.0
2016-03-10,2327.39990234375
2016-03-11,2324.199951171875
2016-03-14,2322.89990234375
2016-03-15,2323.35009765625
2016-03-16,2317.699951171875
2016-03-17,2348.5
2016-03-18,2378.89990234375
2016-03-21,2409.25
2016-03-22,2419.699951171875
2016-03-23,2425.199951171875
2016-03-28,2391.39990234375
2016-03-29,2393.550048828125
2016-03-30,2444.85009765625
2016-03-31,2438.699951171875
2016-04-01,2426.64990234375
2016-04-04,2431.64990234375
2016-04-05,2388.75
2016-04-06,2422.550048828125
2016-04-07,2415.550048828125
2016-04-08,2432.800048828125
2016-04-11,2466.10009765625
2016-04-12,2470.699951171875
2016-04-13,2514.699951171875
2016-04-18,2533.449951171875
2016-04-20,2549.64990234375
2016-04-21,2543.85009765625
2016-04-22,2548.60009765625
2016-04-25,2532.0
2016-04-26,2550.25
2016-04-27,2557.949951171875
2016-04-28,2510.449951171875
2016-04-29,2523.89990234375
2016-05-02,2538.949951171875
2016-05-03,2516.75
2016-05-04,2481.199951171875
2016-05-05,2477.449951171875
2016-05-06,2484.25
2016-05-09,2509.800048828125
2016-05-10,2495.050048828125
2016-05-11,2494.14990234375
2016-05-12,2507.449951171875
2016-05-13,2479.0
2016-05-16,2480.199951171875
2016-05-17,2487.300048828125
2016-05-18,2490.25
2016-05-19,2465.0
2016-05-20,2457.800048828125
2016-05-23,2449.800048828125
2016-05-24,2455.14990234375
2016-05-25,2500.14990234375
2016-05-26,2515.800048828125
2016-05-27,2557.64990234375
2016-05-30,2570.39990234375
2016-05-31,2570.449951171875
2016-06-01,2572.199951171875
2016-06-02,2594.550048828125
2016-06-03,2598.14990234375
2016-06-06,2593.64990234375
2016-06-07,2611.75
2016-06-08,2621.699951171875
2016-06-09,2639.550048828125
2016-06-10,2635.39990234375
2016-06-13,2624.0
2016-06-14,2614.25
2016-06-15,2646.14990234375
2016-06-16,2632.050048828125
2016-06-17,2634.25
2016-06-20,2660.39990234375
2016-06-21,2655.449951171875
2016-06-22,2654.10009765625
2016-06-23,2660.25
2016-06-24,2605.699951171875
2016-06-27,2634.35009765625
2016-06-28,2651.199951171875
2016-06-29,2676.449951171875
2016-06-30,2709.60009765625
2016-07-01,2744.75
2016-07-04,2768.449951171875
2016-07-05,2760.35009765625
2016-07-07,2757.64990234375
2016-07-08,2747.25
2016-07-11,2792.85009765625
2016-07-12,2823.75
2016-07-13,2833.449951171875
2016-07-14,2850.10009765625
2016-07-15,2852.5
2016-07-18,2824.550048828125
2016-07-19,2849.25
2016-07-20,2878.300048828125
2016-07-21,2881.89990234375
2016-07-22,2908.699951171875
2016-07-25,2934.550048828125
2016-07-26,2921.60009765625
2016-07-27,2930.800048828125
2016-07-28,2932.5
2016-07-29,2937.699951171875
2016-08-01,2948.0
2016-08-02,2921.300048828125
2016-08-03,2898.60009765625
2016-08-04,2913.25
2016-08-05,3000.449951171875
2016-08-08,3021.050048828125
2016-08-09,3003.449951171875
2016-08-10,2948.35009765625
2016-08-11,2945.25
2016-08-12,2965.5
2016-08-16,2991.14990234375
2016-08-17,3008.64990234375
2016-08-18,3038.5
2016-08-19,3059.64990234375
2016-08-22,3030.14990234375
2016-08-23,3000.800048828125
2016-08-24,3019.199951171875
2016-08-25,2995.449951171875
2016-08-26,3002.14990234375
2016-08-29,3019.75
2016-08-30,3062.89990234375
2016-08-31,3053.449951171875
2016-09-01,3035.64990234375
2016-09-02,3039.10009765625
2016-09-06,3071.35009765625
2016-09-07,3073.0
2016-09-08,3091.10009765625
2016-09-09,3070.0
2016-09-12,2979.5
2016-09-14,3013.14990234375
2016-09-15,3002.949951171875
2016-09-16,3013.550048828125
2016-09-19,3040.800048828125
2016-09-20,3038.949951171875
2016-09-21,3039.699951171875
2016-09-22,3079.5
2016-09-23,3081.449951171875
2016-09-26,3063.64990234375
2016-09-27,3050.25
2016-09-28,3076.300048828125
2016-09-29,2994.949951171875
2016-09-30,3029.75
2016-10-03,3096.89990234375
2016-10-04,3130.35009765625
2016-10-05,3139.60009765625
2016-10-06,3159.39990234375
2016-10-07,3157.89990234375
2016-10-10,3165.050048828125
2016-10-13,3123.25
2016-10-14,3146.5
2016-10-17,3121.14990234375
2016-10-18,3149.5
2016-10-19,3169.5
2016-10-20,3183.89990234375
2016-10-21,3168.449951171875
2016-10-24,3192.199951171875
2016-10-25,3184.949951171875
2016-10-26,3150.699951171875
2016-10-27,3129.199951171875
2016-10-28,3155.14990234375
2016-11-01,3194.300048828125
2016-11-02,3133.800048828125
2016-11-03,3093.85009765625
2016-11-04,3062.800048828125
2016-11-07,3095.85009765625
2016-11-08,3112.949951171875
2016-11-09,3064.300048828125
2016-11-10,3149.60009765625
2016-11-11,3069.699951171875
2016-11-15,2945.75
2016-11-16,2936.75
2016-11-17,2933.449951171875
2016-11-18,2956.0
2016-11-21,2894.85009765625
2016-11-22,2942.64990234375
2016-11-23,2982.050048828125
2016-11-24,2977.60009765625
2016-11-25,3016.25
2016-11-28,3050.5
2016-11-29,3049.14990234375
2016-11-30,3079.14990234375
2016-12-01,3047.449951171875
2016-12-02,3024.800048828125
2016-12-05,3042.60009765625
2016-12-06,3071.800048828125
2016-12-07,3074.35009765625
2016-12-08,3132.64990234375
2016-12-09,3135.449951171875
2016-12-12,3101.75
2016-12-13,3093.949951171875
2016-12-14,3062.39990234375
2016-12-15,3049.300048828125
2016-12-16,3018.949951171875
2016-12-19,3011.75
2016-12-20,3003.85009765625
2016-12-21,3020.14990234375
2016-12-22,2962.64990234375
2016-12-23,2964.800048828125
2016-12-26,2909.85009765625
2016-12-27,2962.39990234375
2016-12-28,2956.10009765625
2016-12-29,3006.64990234375
2016-12-30,3033.800048828125
2017-01-02,3073.14990234375
2017-01-03,3091.5
2017-01-04,3085.0
2017-01-05,3143.699951171875
2017-01-06,3131.39990234375
2017-01-09,3116.699951171875
2017-01-10,3139.449951171875
2017-01-11,3197.0
2017-01-12,3220.0
2017-01-13,3211.10009765625
2017-01-16,3219.300048828125
2017-01-17,3201.14990234375
2017-01-18,3233.39990234375
2017-01-19,3252.050048828125
2017-01-20,3201.550048828125
2017-01-23,3242.699951171875
2017-01-24,3300.14990234375
2017-01-25,3353.60009765625
2017-01-27,3366.35009765625
2017-01-30,3364.89990234375
2017-01-31,3323.35009765625
2017-02-01,3379.550048828125
2017-02-02,3388.89990234375
2017-02-03,3381.35009765625
2017-02-06,3397.949951171875
2017-02-07,3365.10009765625
2017-02-08,3390.14990234375
2017-02-09,3382.550048828125
2017-02-10,3380.85009765625
2017-02-13,3384.199951171875
2017-02-14,3358.800048828125
2017-02-15,3319.75
2017-02-16,3357.0
2017-02-17,3369.949951171875
2017-02-20,3412.199951171875
2017-02-21,3429.949951171875
2017-02-22,3445.449951171875
2017-02-23,3438.0
2017-02-27,3437.050048828125
2017-02-28,3417.5
2017-03-01,3420.60009765625
2017-03-02,3389.300048828125
2017-03-03,3407.0
2017-03-06,3429.75
2017-03-07,3420.10009765625
2017-03-08,3384.0
2017-03-09,3376.14990234375
2017-03-10,3365.25
2017-03-14,3397.949951171875
2017-03-15,3405.75
2017-03-16,3451.199951171875
2017-03-17,3437.60009765625
2017-03-20,3432.449951171875
2017-03-21,3440.199951171875
2017-03-22,3413.14990234375
2017-03-23,3447.5
2017-03-24,3439.300048828125
2017-03-27,3395.050048828125
2017-03-28,3406.64990234375
2017-03-29,3414.60009765625
2017-03-30,3416.050048828125
2017-03-31,3459.14990234375
2017-04-03,3473.25
2017-04-05,3505.64990234375
2017-04-06,3526.050048828125
2017-04-07,3516.10009765625
2017-04-10,3538.449951171875
2017-04-11,3525.85009765625
2017-04-12,3509.75
2017-04-13,3491.300048828125
2017-04-17,3482.300048828125
2017-04-18,3461.25
2017-04-19,3481.699951171875
2017-04-20,3493.050048828125
2017-04-21,3495.75
2017-04-24,3542.60009765625
2017-04-25,3577.10009765625
2017-04-26,3567.550048828125
2017-04-27,3558.199951171875
2017-04-28,3570.14990234375
2017-05-02,3570.199951171875
2017-05-03,3567.35009765625
2017-05-04,3561.199951171875
2017-05-05,3510.25
2017-05-08,3521.89990234375
2017-05-09,3538.199951171875
2017-05-10,3559.10009765625
2017-05-11,3555.0
2017-05-12,3549.949951171875
2017-05-15,3587.85009765625
2017-05-16,3594.35009765625
2017-05-17,3603.39990234375
2017-05-18,3524.10009765625
2017-05-19,3504.85009765625
2017-05-22,3463.25
2017-05-23,3436.35009765625
2017-05-24,3401.449951171875
2017-05-25,3442.64990234375
2017-05-26,3514.449951171875
2017-05-29,3497.449951171875
2017-05-30,3520.699951171875
2017-05-31,3513.64990234375
2017-06-01,3484.89990234375
2017-06-02,3484.5
2017-06-05,3490.550048828125
2017-06-06,3454.699951171875
2017-06-07,3472.449951171875
2017-06-08,3466.800048828125
2017-06-09,3482.60009765625
2017-06-12,3468.10009765625
2017-06-13,3458.75
2017-06-14,3462.64990234375
2017-06-15,3441.550048828125
2017-06-16,3455.199951171875
2017-06-19,3480.64990234375
2017-06-20,3488.800048828125
2017-06-21,3465.64990234375
2017-06-22,3431.5
2017-06-23,3397.25
2017-06-27,3378.050048828125
2017-06-28,3390.75
2017-06-29,3409.949951171875
2017-06-30,3413.949951171875
2017-07-03,3452.35009765625
2017-07-04,3464.39990234375
2017-07-05,3504.300048828125
2017-07-06,3502.800048828125
2017-07-07,3508.199951171875
2017-07-10,3541.050048828125
2017-07-11,3540.800048828125
2017-07-12,3577.14990234375
2017-07-13,3587.35009765625
2017-07-14,3595.25
2017-07-17,3617.75
2017-07-18,3602.75
2017-07-19,3628.550048828125
2017-07-20,3599.800048828125
2017-07-21,3618.949951171875
2017-07-24,3618.0
2017-07-25,3626.75
2017-07-26,3647.85009765625
2017-07-27,3620.10009765625
2017-07-28,3609.800048828125
2017-07-31,3653.050048828125
2017-08-01,3670.949951171875
2017-08-02,3683.39990234375
2017-08-03,3685.75
2017-08-04,3761.10009765625
2017-08-07,3790.89990234375
2017-08-08,3758.75
2017-08-09,3739.75
2017-08-10,3678.550048828125
2017-08-11,3621.14990234375
2017-08-14,3702.550048828125
2017-08-16,3728.64990234375
2017-08-17,3747.85009765625
2017-08-18,3748.300048828125
2017-08-21,3693.14990234375
2017-08-22,3701.10009765625
2017-08-23,3740.949951171875
2017-08-24,3747.89990234375
2017-08-28,3779.0
2017-08-29,3734.199951171875
2017-08-30,3810.75
2017-08-31,3817.300048828125
2017-09-01,3853.0
2017-09-04,3833.0
2017-09-05,3872.800048828125
2017-09-06,3882.949951171875
2017-09-07,3890.10009765625
2017-09-08,3879.75
2017-09-11,3903.550048828125
2017-09-12,3948.35009765625
2017-09-13,3905.449951171875
2017-09-14,3897.75
2017-09-15,3902.60009765625
2017-09-18,3911.25
2017-09-19,3914.199951171875
2017-09-20,3899.5
2017-09-21,3877.14990234375
2017-09-22,3768.89990234375
2017-09-25,3728.89990234375
2017-09-26,3758.050048828125
2017-09-27,3706.14990234375
2017-09-28,3717.64990234375
2017-09-29,3751.199951171875
2017-10-03,3790.75
2017-10-04,3806.800048828125
2017-10-05,3819.550048828125
2017-10-06,3900.050048828125
2017-10-09,3885.0
2017-10-10,3896.14990234375
2017-10-11,3878.949951171875
2017-10-12,3922.0
2017-10-13,3941.050048828125
2017-10-16,3980.25
2017-10-17,3997.25
2017-10-18,4008.699951171875
2017-10-19,3972.050048828125
2017-10-23,4013.64990234375
2017-10-24,4041.14990234375
2017-10-25,4073.75
2017-10-26,4136.2001953125
2017-10-27,4109.14990234375
2017-10-30,4134.7001953125
2017-10-31,4099.2998046875
2017-11-01,4127.5
2017-11-02,4111.5498046875
2017-11-03,4111.75
2017-11-06,4103.7998046875
2017-11-07,4042.550048828125
2017-11-08,3996.89990234375
2017-11-09,4005.949951171875
2017-11-10,3996.14990234375
2017-11-13,3948.300048828125
2017-11-14,3929.14990234375
2017-11-15,3880.39990234375
2017-11-16,3914.14990234375
2017-11-17,3951.89990234375
2017-11-20,3967.25
2017-11-21,3987.050048828125
2017-11-22,3979.699951171875
2017-11-23,3982.800048828125
2017-11-24,3983.60009765625
2017-11-27,3993.949951171875
2017-11-28,3979.699951171875
2017-11-29,3972.050048828125
2017-11-30,3928.050048828125
2017-12-01,3884.949951171875
2017-12-04,3878.449951171875
2017-12-05,3863.449951171875
2017-12-06,3822.89990234375
2017-12-07,3883.800048828125
2017-12-08,3935.0
2017-12-11,3946.5
2017-12-12,3910.14990234375
2017-12-13,3900.300048828125
2017-12-14,3919.5
2017-12-15,3961.949951171875
2017-12-18,3981.699951171875
2017-12-19,4025.449951171875
2017-12-20,4035.39990234375
2017-12-21,4051.199951171875
2017-12-22,4066.949951171875
2017-12-26,4093.64990234375
2017-12-27,4073.64990234375
2017-12-28,4094.050048828125
2017-12-29,4087.949951171875
2018-01-01,4059.699951171875
2018-01-02,4074.25
2018-01-03,4098.35009765625
2018-01-04,4151.5498046875
2018-01-05,4163.4501953125
2018-01-08,4191.89990234375
2018-01-09,4199.85009765625
2018-01-10,4192.5
2018-01-11,4184.5
2018-01-12,4193.2001953125
2018-01-15,4196.25
2018-01-16,4124.64990234375
2018-01-17,4145.0498046875
2018-01-18,4069.35009765625
2018-01-19,4086.800048828125
2018-01-22,4097.0
2018-01-23,4169.39990234375
2018-01-24,4135.9501953125
2018-01-25,4129.7998046875
2018-01-29,4128.7998046875
2018-01-30,4121.75
2018-01-31,4105.5
2018-02-01,4090.699951171875
2018-02-02,3960.60009765625
2018-02-05,3930.0
2018-02-06,3871.60009765625
2018-02-07,3893.25
2018-02-08,3934.449951171875
2018-02-09,3931.050048828125
2018-02-12,3974.25
2018-02-14,3956.300048828125
2018-02-15,3977.25
2018-02-16,3940.85009765625
2018-02-19,3902.0
2018-02-20,3926.050048828125
2018-02-21,3909.60009765625
2018-02-22,3870.60009765625
2018-02-23,3948.550048828125
2018-02-26,3989.0
2018-02-27,3974.550048828125
2018-02-28,3950.5
2018-03-01,3943.699951171875
2018-03-05,3863.60009765625
2018-03-06,3854.0
2018-03-07,3802.60009765625
2018-03-08,3808.85009765625
2018-03-09,3781.85009765625
2018-03-12,3863.050048828125
2018-03-13,3893.60009765625
2018-03-14,3881.449951171875
2018-03-15,3852.10009765625
2018-03-16,3768.60009765625
2018-03-19,3709.14990234375
2018-03-20,3692.949951171875
2018-03-21,3699.60009765625
2018-03-22,3698.64990234375
2018-03-23,3642.0
2018-03-26,3684.75
2018-03-27,3726.199951171875
2018-03-28,3680.64990234375
2018-04-02,3717.449951171875
2018-04-03,3740.14990234375
2018-04-04,3664.699951171875
2018-04-05,3754.699951171875
2018-04-06,3760.949951171875
2018-04-09,3779.949951171875
2018-04-10,3809.14990234375
2018-04-11,3794.85009765625
2018-04-12,3777.699951171875
2018-04-13,3789.10009765625
2018-04-16,3809.89990234375
2018-04-17,3821.300048828125
2018-04-18,3824.449951171875
2018-04-19,3872.0
2018-04-20,3846.050048828125
2018-04-23,3843.89990234375
2018-04-24,3832.0
2018-04-25,3800.699951171875
2018-04-26,3801.25
2018-04-27,3830.39990234375
2018-04-30,3828.75
2018-05-02,3766.64990234375
2018-05-03,3763.10009765625
2018-05-04,3731.050048828125
2018-05-07,3776.25
2018-05-08,3786.050048828125
2018-05-09,3776.10009765625
2018-05-10,3769.75
2018-05-11,3807.10009765625
2018-05-14,3806.75
2018-05-15,3802.5
2018-05-16,3764.0
2018-05-17,3745.89990234375
2018-05-18,3688.800048828125
2018-05-21,3653.14990234375
2018-05-22,3664.85009765625
2018-05-23,3569.449951171875
2018-05-24,3561.949951171875
2018-05-25,3630.14990234375
2018-05-28,3688.35009765625
2018-05-29,3683.89990234375
2018-05-30,3669.75
2018-05-31,3685.050048828125
2018-06-01,3652.75
2018-06-04,3647.75
2018-06-05,3633.5
2018-06-06,3666.199951171875
2018-06-07,3706.449951171875
2018-06-08,3699.199951171875
2018-06-11,3701.39990234375
2018-06-12,3693.300048828125
2018-06-13,3691.300048828125
2018-06-14,3669.60009765625
2018-06-15,3635.64990234375
2018-06-18,3622.64990234375
2018-06-19,3567.050048828125
2018-06-20,3575.39990234375
2018-06-21,3565.85009765625
2018-06-22,3571.199951171875
2018-06-25,3538.85009765625
2018-06-26,3547.300048828125
2018-06-27,3470.050048828125
2018-06-28,3431.050048828125
2018-06-29,3506.60009765625
2018-07-02,3456.60009765625
2018-07-03,3467.449951171875
2018-07-04,3460.550048828125
2018-07-05,3451.300048828125
2018-07-06,3462.800048828125
2018-07-09,3494.25
2018-07-10,3532.0
2018-07-11,3481.300048828125
2018-07-12,3492.35009765625
2018-07-13,3481.35009765625
2018-07-16,3406.699951171875
2018-07-17,3466.300048828125
2018-07-18,3441.25
2018-07-19,3430.550048828125
2018-07-20,3421.199951171875
2018-07-23,3466.699951171875
2018-07-24,3547.85009765625
2018-07-25,3540.449951171875
2018-07-26,3555.64990234375
2018-07-27,3599.10009765625
2018-07-30,3629.199951171875
2018-07-31,3641.10009765625
2018-08-01,3649.35009765625
2018-08-02,3639.800048828125
2018-08-03,3659.699951171875
2018-08-06,3677.75
2018-08-07,3682.25
2018-08-08,3698.89990234375
2018-08-09,3715.14990234375
2018-08-10,3683.85009765625
2018-08-13,3635.050048828125
2018-08-14,3651.10009765625
2018-08-16,3612.89990234375
2018-08-17,3659.199951171875
2018-08-20,3710.39990234375
2018-08-21,3731.75
2018-08-23,3716.550048828125
2018-08-24,3750.300048828125
2018-08-27,3799.449951171875
2018-08-28,3826.5
2018-08-29,3838.39990234375
2018-08-30,3851.949951171875
2018-08-31,3852.449951171875
2018-09-03,3842.050048828125
2018-09-04,3762.0
2018-09-05,3762.800048828125
2018-09-06,3791.60009765625
2018-09-07,3826.85009765625
2018-09-10,3755.85009765625
2018-09-11,3711.35009765625
2018-09-12,3736.85009765625
2018-09-14,3832.050048828125
2018-09-17,3809.0
2018-09-18,3760.800048828125
2018-09-19,3778.300048828125
2018-09-21,3776.85009765625
2018-09-24,3732.89990234375
2018-09-25,3749.0
2018-09-26,3785.89990234375
2018-09-27,3761.300048828125
2018-09-28,3686.5
2018-10-01,3687.75
2018-10-03,3683.199951171875
2018-10-04,3580.64990234375
2018-10-05,3359.449951171875
2018-10-08,3359.39990234375
2018-10-09,3335.25
2018-10-10,3392.89990234375
2018-10-11,3342.0
2018-10-12,3459.10009765625
2018-10-15,3462.25
2018-10-16,3498.35009765625
2018-10-17,3432.449951171875
2018-10-19,3399.14990234375
2018-10-22,3348.449951171875
2018-10-23,3309.449951171875
2018-10-24,3339.89990234375
2018-10-25,3301.25
2018-10-26,3282.39990234375
2018-10-29,3360.35009765625
2018-10-30,3326.699951171875
2018-10-31,3345.949951171875
2018-11-01,3381.85009765625
2018-11-02,3469.60009765625
2018-11-05,3460.39990234375
2018-11-06,3453.85009765625
2018-11-07,3475.60009765625
2018-11-09,3482.699951171875
2018-11-12,3429.64990234375
2018-11-13,3481.050048828125
2018-11-14,3511.10009765625
2018-11-15,3509.85009765625
2018-11-16,3499.39990234375
2018-11-19,3528.300048828125
2018-11-20,3467.199951171875
2018-11-21,3469.300048828125
2018-11-22,3420.199951171875
2018-11-26,3399.949951171875
2018-11-27,3410.35009765625
2018-11-28,3376.89990234375
2018-11-29,3416.5
2018-11-30,3397.300048828125
2018-12-03,3429.39990234375
2018-12-04,3436.300048828125
2018-12-05,3368.85009765625
2018-12-06,3308.550048828125
2018-12-07,3314.75
2018-12-10,3264.60009765625
2018-12-11,3286.10009765625
2018-12-12,3359.0
2018-12-13,3364.199951171875
2018-12-14,3392.10009765625
2018-12-17,3433.550048828125
2018-12-18,3448.699951171875
2018-12-19,3483.35009765625
2018-12-20,3472.39990234375
2018-12-21,3425.64990234375
2018-12-24,3364.800048828125
2018-12-26,3381.449951171875
2018-12-27,3391.449951171875
2018-12-28,3420.300048828125
2018-12-31,3431.199951171875
2019-01-01,3423.449951171875
2019-01-02,3364.10009765625
2019-01-03,3296.050048828125
2019-01-04,3331.14990234375
2019-01-07,3345.449951171875
2019-01-08,3345.85009765625
2019-01-09,3310.800048828125
2019-01-10,3303.0
2019-01-11,3297.85009765625
2019-01-14,3277.75
2019-01-15,3326.35009765625
2019-01-16,3332.449951171875
2019-01-17,3329.0
2019-01-18,3335.25
2019-01-21,3338.10009765625
2019-01-22,3314.89990234375
2019-01-23,3306.39990234375
2019-01-24,3300.64990234375
2019-01-25,3259.39990234375
2019-01-28,3214.14990234375
2019-01-29,3210.39990234375
2019-01-30,3220.25
2019-01-31,3266.949951171875
2019-02-01,3237.300048828125
2019-02-04,3228.10009765625
2019-02-05,3209.800048828125
2019-02-06,3259.14990234375
2019-02-07,3265.699951171875
2019-02-08,3196.14990234375
2019-02-11,3154.699951171875
2019-02-12,3175.85009765625
2019-02-14,3120.5
2019-02-15,3117.39990234375
2019-02-18,3092.800048828125
2019-02-19,3112.25
2019-02-20,3187.050048828125
2019-02-21,3218.199951171875
2019-02-22,3256.0
2019-02-25,3272.550048828125
2019-02-26,3282.35009765625
2019-02-27,3286.25
2019-02-28,3305.60009765625
2019-03-01,3349.449951171875
2019-03-05,3437.699951171875
2019-03-06,3469.0
2019-03-07,3438.449951171875
2019-03-08,3434.10009765625
2019-03-11,3517.449951171875
2019-03-12,3533.25
2019-03-13,3499.699951171875
2019-03-14,3509.5
2019-03-15,3536.25
2019-03-18,3569.800048828125
2019-03-19,3594.60009765625
2019-03-20,3537.449951171875
2019-03-22,3530.0
2019-03-25,3525.800048828125
2019-03-26,3573.64990234375
2019-03-27,3553.300048828125
2019-03-28,3557.300048828125
2019-04-01,3641.75
2019-04-02,3620.64990234375
2019-04-03,3585.550048828125
2019-04-04,3581.85009765625
2019-04-05,3627.35009765625
2019-04-08,3594.60009765625
2019-04-09,3615.64990234375
2019-04-10,3597.949951171875
2019-04-11,3600.550048828125
2019-04-12,3602.800048828125
2019-04-15,3630.199951171875
2019-04-16,3657.39990234375
2019-04-18,3645.14990234375
2019-04-22,3572.75
2019-04-23,3575.699951171875
2019-04-24,3621.39990234375
2019-04-25,3626.35009765625
2019-04-26,3665.39990234375
2019-04-30,3688.199951171875
2019-05-02,3681.199951171875
2019-05-03,3685.25
2019-05-06,3654.199951171875
2019-05-07,3608.25
2019-05-08,3572.25
2019-05-09,3522.5
2019-05-10,3487.5
2019-05-13,3420.5
2019-05-14,3452.699951171875
2019-05-15,3417.75
2019-05-16,3479.550048828125
2019-05-17,3482.949951171875
2019-05-20,3634.300048828125
2019-05-21,3581.89990234375
2019-05-22,3601.10009765625
2019-05-23,3591.550048828125
2019-05-24,3660.85009765625
2019-05-27,3718.64990234375
2019-05-28,3728.0
2019-05-29,3675.300048828125
2019-05-30,3691.75
2019-05-31,3685.199951171875
2019-06-03,3729.699951171875
2019-06-04,3700.199951171875
2019-06-06,3648.64990234375
2019-06-07,3640.050048828125
2019-06-10,3631.300048828125
2019-06-11,3663.89990234375
2019-06-12,3655.949951171875
2019-06-13,3654.75
2019-06-14,3629.550048828125
2019-06-17,3548.75
2019-06-18,3576.199951171875
2019-06-19,3562.449951171875
2019-06-20,3604.89990234375
2019-06-21,3592.300048828125
2019-06-24,3568.10009765625
2019-06-25,3622.75
2019-06-26,3668.75
2019-06-27,3666.800048828125
2019-06-28,3635.5
2019-07-01,3615.64990234375
2019-07-02,3650.550048828125
2019-07-03,3658.0
2019-07-04,3669.89990234375
2019-07-05,3561.800048828125
2019-07-08,3462.60009765625
2019-07-09,3494.800048828125
2019-07-10,3464.300048828125
2019-07-11,3492.449951171875
2019-07-12,3489.75
2019-07-15,3502.5
2019-07-16,3536.300048828125
2019-07-17,3530.64990234375
2019-07-18,3469.25
2019-07-19,3437.300048828125
2019-07-22,3479.14990234375
2019-07-23,3473.14990234375
2019-07-24,3416.10009765625
2019-07-25,3382.300048828125
2019-07-26,3378.949951171875
2019-07-29,3300.0
2019-07-30,3227.75
2019-07-31,3270.39990234375
2019-08-01,3215.199951171875
2019-08-02,3186.35009765625
2019-08-05,3126.14990234375
2019-08-06,3163.199951171875
2019-08-07,3110.800048828125
2019-08-08,3142.75
2019-08-09,3148.10009765625
2019-08-13,3104.199951171875
2019-08-14,3155.14990234375
2019-08-16,3157.449951171875
2019-08-19,3147.0
2019-08-20,3102.300048828125
2019-08-21,3034.300048828125
2019-08-22,2958.14990234375
2019-08-23,3044.14990234375
2019-08-26,3074.800048828125
2019-08-27,3116.64990234375
2019-08-28,3070.85009765625
2019-08-29,3076.60009765625
2019-08-30,3087.550048828125
2019-09-03,2996.85009765625
2019-09-04,3022.699951171875
2019-09-05,3084.449951171875
2019-09-06,3127.199951171875
2019-09-09,3142.60009765625
2019-09-11,3160.949951171875
2019-09-12,3148.199951171875
2019-09-13,3206.64990234375
2019-09-16,3175.050048828125
2019-09-17,3110.949951171875
2019-09-18,3133.10009765625
2019-09-19,3089.14990234375
2019-09-20,3266.449951171875
2019-09-23,3332.60009765625
2019-09-24,3307.300048828125
2019-09-25,3271.85009765625
2019-09-26,3352.25
2019-09-27,3313.550048828125
2019-09-30,3312.199951171875
2019-10-01,3268.199951171875
2019-10-03,3254.75
2019-10-04,3213.0
2019-10-07,3164.25
2019-10-09,3213.35009765625
2019-10-10,3206.10009765625
2019-10-11,3231.550048828125
2019-10-14,3266.300048828125
2019-10-15,3298.60009765625
2019-10-16,3318.449951171875
2019-10-17,3338.300048828125
2019-10-18,3383.25
2019-10-22,3383.050048828125
2019-10-23,3362.85009765625
2019-10-24,3355.550048828125
2019-10-25,3338.89990234375
2019-10-29,3402.5
2019-10-30,3414.199951171875
2019-10-31,3430.39990234375
2019-11-01,3441.699951171875
2019-11-04,3479.39990234375
2019-11-05,3448.800048828125
2019-11-06,3451.60009765625
2019-11-07,3452.85009765625
2019-11-08,3396.550048828125
2019-11-11,3394.39990234375
2019-11-13,3362.14990234375
2019-11-14,3336.85009765625
2019-11-15,3328.64990234375
2019-11-18,3359.800048828125
2019-11-19,3366.0
2019-11-20,3392.5
2019-11-21,3332.64990234375
2019-11-22,3362.89990234375
2019-11-25,3409.64990234375
2019-11-26,3384.60009765625
2019-11-27,3419.800048828125
2019-11-28,3461.550048828125
2019-11-29,3431.89990234375
2019-12-02,3431.85009765625
2019-12-03,3379.699951171875
2019-12-04,3393.85009765625
2019-12-05,3353.0
2019-12-06,3334.25
2019-12-09,3349.699951171875
2019-12-10,3297.699951171875
2019-12-11,3308.14990234375
2019-12-12,3343.949951171875
2019-12-13,3385.300048828125
2019-12-16,3350.949951171875
2019-12-17,3390.60009765625
2019-12-18,3387.300048828125
2019-12-19,3395.949951171875
2019-12-20,3407.35009765625
2019-12-23,3398.75
2019-12-24,3394.199951171875
2019-12-26,3389.64990234375
2019-12-27,3421.64990234375
2019-12-30,3435.35009765625
2019-12-31,3432.10009765625
2020-01-01,3437.85009765625
2020-01-02,3500.300048828125
2020-01-03,3477.5
2020-01-06,3403.60009765625
2020-01-07,3434.39990234375
2020-01-08,3427.89990234375
2020-01-09,3477.550048828125
2020-01-10,3501.14990234375
2020-01-13,3524.60009765625
2020-01-14,3533.60009765625
2020-01-15,3542.85009765625
2020-01-16,3514.5
2020-01-17,3516.050048828125
2020-01-20,3474.699951171875
2020-01-21,3452.35009765625
2020-01-22,3410.800048828125
2020-01-23,3440.949951171875
2020-01-24,3468.300048828125
2020-01-27,3427.449951171875
2020-01-28,3394.199951171875
2020-01-29,3409.25
2020-01-30,3367.35009765625
2020-01-31,3291.699951171875
2020-02-03,3232.050048828125
2020-02-04,3322.39990234375
2020-02-05,3372.050048828125
2020-02-06,3389.449951171875
2020-02-07,3405.199951171875
2020-02-10,3356.949951171875
2020-02-11,3379.89990234375
2020-02-12,3378.25
2020-02-13,3360.699951171875
2020-02-14,3342.5
2020-02-17,3300.14990234375
2020-02-18,3278.550048828125
2020-02-19,3330.550048828125
2020-02-20,3324.800048828125
2020-02-24,3227.64990234375
2020-02-25,3208.75
2020-02-26,3166.449951171875
2020-02-27,3144.25
2020-02-28,3015.300048828125
2020-03-02,2963.85009765625
2020-03-03,3076.300048828125
2020-03-04,3049.449951171875
2020-03-05,3033.14990234375
2020-03-06,2958.5
2020-03-09,2813.35009765625
2020-03-11,2785.550048828125
2020-03-12,2524.35009765625
2020-03-13,2625.949951171875
2020-03-16,2455.199951171875
2020-03-17,2423.14990234375
2020-03-18,2338.050048828125
2020-03-19,2212.550048828125
2020-03-20,2379.89990234375
2020-03-23,2088.39990234375
2020-03-24,2100.0
2020-03-25,2184.39990234375
2020-03-26,2208.300048828125
2020-03-27,2211.89990234375
2020-03-30,2162.800048828125
2020-03-31,2295.050048828125
2020-04-01,2227.449951171875
2020-04-03,2198.0
2020-04-07,2365.10009765625
2020-04-08,2355.89990234375
2020-04-09,2436.60009765625
2020-04-13,2460.0
2020-04-15,2493.64990234375
2020-04-16,2536.89990234375
2020-04-17,2573.39990234375
2020-04-20,2560.300048828125
2020-04-21,2481.39990234375
2020-04-22,2528.10009765625
2020-04-23,2525.050048828125
2020-04-24,2484.89990234375
2020-04-27,2516.949951171875
2020-04-28,2517.60009765625
2020-04-29,2548.550048828125
2020-04-30,2679.949951171875
2020-05-04,2534.10009765625
2020-05-05,2535.85009765625
2020-05-06,2545.10009765625
2020-05-07,2513.85009765625
2020-05-08,2510.39990234375
2020-05-11,2528.050048828125
2020-05-12,2523.449951171875
2020-05-13,2587.89990234375
2020-05-14,2536.199951171875
2020-05-15,2555.85009765625
2020-05-18,2453.85009765625
2020-05-19,2472.949951171875
2020-05-20,2530.60009765625
2020-05-21,2545.5
2020-05-22,2550.0
2020-05-26,2593.75
2020-05-27,2634.10009765625
2020-05-28,2675.699951171875
2020-05-29,2726.89990234375
2020-06-01,2776.949951171875
2020-06-02,2788.300048828125
2020-06-03,2791.699951171875
2020-06-04,2802.35009765625
2020-06-05,2879.050048828125
2020-06-08,2881.449951171875
2020-06-09,2844.699951171875
2020-06-10,2849.0
2020-06-11,2790.85009765625
2020-06-12,2819.75
2020-06-15,2780.199951171875
2020-06-16,2797.199951171875
2020-06-17,2788.300048828125
2020-06-18,2833.89990234375
2020-06-19,2876.89990234375
2020-06-22,2912.64990234375
2020-06-23,2962.300048828125
2020-06-24,2902.050048828125
2020-06-25,2874.25
2020-06-26,2918.699951171875
2020-06-29,2865.75
2020-06-30,2860.0
2020-07-01,2867.300048828125
2020-07-02,2891.0
2020-07-03,2904.0
2020-07-06,2954.800048828125
2020-07-07,2914.699951171875
2020-07-08,2898.25
2020-07-09,2920.14990234375
2020-07-10,2904.949951171875
2020-07-13,2927.25
2020-07-14,2878.300048828125
2020-07-15,2858.85009765625
2020-07-16,2866.0
2020-07-17,2942.699951171875
2020-07-20,2957.949951171875
2020-07-21,3000.449951171875
2020-07-22,2994.550048828125
2020-07-23,3012.35009765625
2020-07-24,2993.449951171875
2020-07-27,3000.5
2020-07-28,3055.300048828125
2020-07-29,3054.449951171875
2020-07-30,3014.64990234375
2020-07-31,3020.050048828125
2020-08-03,2994.89990234375
2020-08-04,3019.64990234375
2020-08-05,3046.800048828125
2020-08-06,3072.199951171875
2020-08-07,3091.39990234375
2020-08-10,3110.85009765625
2020-08-11,3110.949951171875
2020-08-12,3099.35009765625
2020-08-13,3112.60009765625
2020-08-14,3106.35009765625
2020-08-17,3149.300048828125
2020-08-18,3198.64990234375
2020-08-19,3212.60009765625
2020-08-20,3249.949951171875
2020-08-21,3265.199951171875
2020-08-24,3274.300048828125
2020-08-25,3256.25
2020-08-26,3257.39990234375
2020-08-27,3256.550048828125
2020-08-28,3265.14990234375
2020-08-31,3153.550048828125
2020-09-01,3196.949951171875
2020-09-02,3239.14990234375
2020-09-03,3246.949951171875
2020-09-04,3175.449951171875
2020-09-07,3156.0
2020-09-08,3117.25
2020-09-09,3129.949951171875
2020-09-10,3180.300048828125
2020-09-11,3189.10009765625
2020-09-14,3202.0
2020-09-15,3235.35009765625
2020-09-16,3247.0
2020-09-17,3222.89990234375
2020-09-18,3227.050048828125
2020-09-21,3117.5
2020-09-22,3077.5
2020-09-23,3055.550048828125
2020-09-24,2966.699951171875
2020-09-25,3033.25
2020-09-28,3107.550048828125
2020-09-29,3127.64990234375
2020-09-30,3110.949951171875
2020-10-01,3127.550048828125
2020-10-05,3137.85009765625
2020-10-06,3143.14990234375
2020-10-07,3141.10009765625
2020-10-08,3145.199951171875
2020-10-09,3136.300048828125
2020-10-12,3123.300048828125
2020-10-13,3146.050048828125
2020-10-14,3144.449951171875
2020-10-15,3103.10009765625
2020-10-16,3152.75
2020-10-19,3186.300048828125
2020-10-20,3170.35009765625
2020-10-21,3204.949951171875
2020-10-22,3225.5
2020-10-23,3222.75
2020-10-26,3152.5
2020-10-27,3200.050048828125
2020-10-28,3176.14990234375
2020-10-29,3190.949951171875
2020-10-30,3233.5
2020-11-02,3207.75
2020-11-03,3208.39990234375
2020-11-04,3211.60009765625
2020-11-05,3306.85009765625
2020-11-06,3318.199951171875
2020-11-09,3368.39990234375
2020-11-10,3386.35009765625
2020-11-11,3437.75
2020-11-12,3447.449951171875
2020-11-13,3482.25
2020-11-17,3532.35009765625
2020-11-18,3537.949951171875
2020-11-19,3509.35009765625
2020-11-20,3533.75
2020-11-23,3594.75
2020-11-24,3607.5
2020-11-25,3562.35009765625
2020-11-26,3604.050048828125
2020-11-27,3605.89990234375
2020-12-01,3665.800048828125
2020-12-02,3710.300048828125
2020-12-03,3764.64990234375
2020-12-04,3782.199951171875
2020-12-07,3793.64990234375
2020-12-08,3783.699951171875
2020-12-09,3779.699951171875
2020-12-10,3727.89990234375
2020-12-11,3762.10009765625
2020-12-14,3801.35009765625
2020-12-15,3815.300048828125
2020-12-16,3841.25
2020-12-17,3826.64990234375
2020-12-18,3821.800048828125
2020-12-21,3640.550048828125
2020-12-22,3676.949951171875
2020-12-23,3714.10009765625
2020-12-24,3738.75
2020-12-28,3785.800048828125
2020-12-29,3765.550048828125
2020-12-30,3811.300048828125
2020-12-31,3800.60009765625
2021-01-04,3902.25
2021-01-05,3881.75
2021-01-06,3913.35009765625
2021-01-07,3947.0
2021-01-08,3998.75
2021-01-11,3974.5
2021-01-12,3987.800048828125
2021-01-13,3999.449951171875
2021-01-14,4014.800048828125
2021-01-15,3959.89990234375
2021-01-18,3888.75
2021-01-19,3969.10009765625
2021-01-20,3995.800048828125
2021-01-21,3954.64990234375
2021-01-25,3846.199951171875
2021-01-27,3774.60009765625
2021-01-28,3776.35009765625
2021-01-29,3715.300048828125
2021-02-01,3855.64990234375
2021-02-02,3981.64990234375
2021-02-03,4006.0
2021-02-04,4072.5
2021-02-05,4075.25
2021-02-08,4149.0
2021-02-09,4151.2998046875
2021-02-10,4149.89990234375
2021-02-11,4182.85009765625
2021-02-12,4150.5498046875
2021-02-16,4221.9501953125
2021-02-18,4273.10009765625
2021-02-19,4227.0498046875
2021-02-22,4204.0
2021-02-23,4296.89990234375
2021-02-24,4323.4501953125
2021-02-25,4435.2998046875
2021-02-26,4304.4501953125
2021-03-01,4402.5
2021-03-02,4447.7998046875
2021-03-03,4536.5498046875
2021-03-04,4538.39990234375
2021-03-05,4480.7001953125
2021-03-08,4502.0498046875
2021-03-09,4463.9501953125
2021-03-10,4491.7998046875
2021-03-12,4469.10009765625
2021-03-15,4476.25
2021-03-16,4473.60009765625
2021-03-17,4365.85009765625
2021-03-18,4331.5
2021-03-19,4435.14990234375
2021-03-22,4480.5
2021-03-23,4507.85009765625
2021-03-24,4417.64990234375
2021-03-25,4337.10009765625
2021-03-26,4399.2998046875
2021-03-30,4476.7001953125
2021-03-31,4473.75
2021-04-01,4590.25
2021-04-05,4563.25
2021-04-06,4589.25
2021-04-07,4630.7998046875
2021-04-08,4722.0498046875
2021-04-09,4674.35009765625
2021-04-12,4448.0
2021-04-13,4534.35009765625
2021-04-15,4543.5
2021-04-16,4589.10009765625
2021-04-19,4491.35009765625
2021-04-20,4460.60009765625
2021-04-22,4483.25
2021-04-23,4480.25
2021-04-26,4543.64990234375
2021-04-27,4620.5498046875
2021-04-28,4632.25
2021-04-29,4714.85009765625
2021-04-30,4699.85009765625
2021-05-03,4728.64990234375
2021-05-04,4706.2001953125
2021-05-06,4825.5
2021-05-07,4918.14990234375
2021-05-10,5014.7998046875
2021-05-12,4954.9501953125
2021-05-14,4892.5498046875
2021-05-17,4973.75
2021-05-18,5050.64990234375
2021-05-19,5040.9501953125
2021-05-21,5020.85009765625
2021-05-24,5033.2998046875
2021-05-26,5002.35009765625
2021-05-27,5021.4501953125
2021-05-28,5046.0
2021-06-01,5091.25
2021-06-02,5148.75
2021-06-03,5180.5498046875
2021-06-04,5206.60009765625
2021-06-07,5259.2998046875
2021-06-08,5249.5
2021-06-09,5209.0498046875
2021-06-10,5234.35009765625
2021-06-11,5273.10009765625
2021-06-14,5283.14990234375
2021-06-15,5288.85009765625
2021-06-16,5233.89990234375
2021-06-17,5183.9501953125
2021-06-18,5105.89990234375
2021-06-21,5148.25
2021-06-22,5181.25
2021-06-23,5154.25
2021-06-24,5145.5
2021-06-25,5179.14990234375
2021-06-28,5190.14990234375
2021-06-29,5154.64990234375
2021-06-30,5138.64990234375
2021-07-01,5118.2001953125
2021-07-02,5109.5
2021-07-06,5164.89990234375
2021-07-07,5205.89990234375
2021-07-08,5152.5498046875
2021-07-09,5192.25
2021-07-12,5214.5498046875
2021-07-13,5246.75
2021-07-14,5246.4501953125
2021-07-15,5264.10009765625
2021-07-16,5297.10009765625
2021-07-19,5273.35009765625
2021-07-20,5227.14990234375
2021-07-22,5307.39990234375
2021-07-23,5303.25
2021-07-26,5307.0
2021-07-27,5295.4501953125
2021-07-28,5306.35009765625
2021-07-29,5407.39990234375
2021-07-30,5387.0498046875
2021-08-02,5448.0
2021-08-03,5469.89990234375
2021-08-04,5436.5498046875
2021-08-05,5441.60009765625
2021-08-06,5409.10009765625
2021-08-09,5359.0
2021-08-10,5280.39990234375
2021-08-11,5355.0498046875
2021-08-12,5367.14990234375
2021-08-13,5396.89990234375
2021-08-16,5428.35009765625
2021-08-17,5378.85009765625
2021-08-18,5385.60009765625
2021-08-20,5203.60009765625
2021-08-23,5163.39990234375
2021-08-24,5250.75
2021-08-25,5272.4501953125
2021-08-26,5259.25
2021-08-27,5324.35009765625
2021-08-30,5432.39990234375
2021-08-31,5488.5
2021-09-01,5460.2001953125
2021-09-02,5517.4501953125
2021-09-03,5589.5498046875
2021-09-06,5610.35009765625
2021-09-07,5600.2998046875
2021-09-08,5614.75
2021-09-09,5653.2001953125
2021-09-13,5684.10009765625
2021-09-14,5671.2001953125
2021-09-15,5724.5
2021-09-16,5722.64990234375
2021-09-17,5634.64990234375
2021-09-20,5444.0
2021-09-21,5517.5
2021-09-22,5569.64990234375
2021-09-23,5639.9501953125
2021-09-24,5569.7001953125
2021-09-27,5600.39990234375
2021-09-28,5642.2998046875
2021-09-29,5725.4501953125
2021-09-30,5700.2998046875
2021-10-01,5726.9501953125
2021-10-04,5822.35009765625
2021-10-05,5885.35009765625
2021-10-06,5800.4501953125
2021-10-07,5818.64990234375
2021-10-08,5842.7001953125
2021-10-11,5911.64990234375
2021-10-12,5942.75
2021-10-13,6006.7998046875
2021-10-14,6064.25
2021-10-18,6187.14990234375
2021-10-19,6047.75
2021-10-20,5928.4501953125
2021-10-21,5891.85009765625
2021-10-22,5813.39990234375
2021-10-25,5773.2998046875
2021-10-26,5883.5
2021-10-27,5850.75
2021-10-28,5744.75
2021-10-29,5737.7998046875
2021-11-01,5848.7998046875
2021-11-02,5780.0
2021-11-03,5822.7998046875
2021-11-04,5845.39990234375
2021-11-08,5946.9501953125
2021-11-09,5945.0498046875
2021-11-10,5910.7998046875
2021-11-11,5886.7001953125
2021-11-12,5927.0
2021-11-15,5900.9501953125
2021-11-16,5835.2001953125
2021-11-17,5795.75
2021-11-18,5714.64990234375
2021-11-22,5598.0498046875
2021-11-23,5716.5498046875
2021-11-24,5699.60009765625
2021-11-25,5747.9501953125
2021-11-26,5506.35009765625
2021-11-29,5463.14990234375
2021-11-30,5399.10009765625
2021-12-01,5465.9501953125
2021-12-02,5535.7001953125
2021-12-03,5523.85009765625
2021-12-06,5455.39990234375
2021-12-07,5552.0
2021-12-08,5630.5
2021-12-09,5656.5498046875
2021-12-10,5670.14990234375
2021-12-13,5645.2001953125
2021-12-14,5659.5
2021-12-15,5625.9501953125
2021-12-16,5627.25
2021-12-17,5519.4501953125
2021-12-20,5335.2001953125
2021-12-21,5444.2998046875
2021-12-22,5530.75
2021-12-23,5558.0498046875
2021-12-24,5501.64990234375
2021-12-27,5499.2001953125
2021-12-28,5580.64990234375
2021-12-29,5550.2001953125
2021-12-30,5500.60009765625
2021-12-31,5580.5498046875
2022-01-03,5671.75
2022-01-04,5712.5
2022-01-05,5779.5498046875
2022-01-06,5739.60009765625
2022-01-07,5822.89990234375
2022-01-10,5867.89990234375
2022-01-11,5847.60009765625
2022-01-12,5937.7001953125
2022-01-13,6023.0
2022-01-14,6024.60009765625
2022-01-17,6105.7998046875
2022-01-18,5979.85009765625
2022-01-19,5992.10009765625
2022-01-20,5990.64990234375
2022-01-21,5879.2001953125
2022-01-24,5657.2998046875
2022-01-25,5725.39990234375
2022-01-27,5671.64990234375
2022-01-28,5730.85009765625
2022-01-31,5761.64990234375
2022-02-01,5881.7001953125
2022-02-02,5904.85009765625
2022-02-03,5852.9501953125
2022-02-04,5873.0
2022-02-07,5883.14990234375
2022-02-08,5876.2998046875
2022-02-09,5940.35009765625
2022-02-10,5975.0498046875
2022-02-11,5910.89990234375
2022-02-14,5695.64990234375
2022-02-15,5840.85009765625
2022-02-16,5831.7998046875
2022-02-17,5841.39990234375
2022-02-18,5793.0
2022-02-21,5699.4501953125
2022-02-22,5652.4501953125
2022-02-23,5640.39990234375
2022-02-24,5329.7001953125
2022-02-25,5533.14990234375
2022-02-28,5669.75
2022-03-02,5732.7998046875
2022-03-03,5732.75
2022-03-04,5607.25
2022-03-07,5599.25
2022-03-08,5590.89990234375
2022-03-09,5632.39990234375
2022-03-10,5733.5498046875
2022-03-11,5761.5
2022-03-14,5751.2001953125
2022-03-15,5630.2998046875
2022-03-16,5769.4501953125
2022-03-17,5876.7998046875
2022-03-21,5864.89990234375
2022-03-22,5913.7998046875
2022-03-23,5957.89990234375
2022-03-24,6015.5
2022-03-25,6012.85009765625
2022-03-28,6028.0498046875
2022-03-29,6048.5
2022-03-30,6004.64990234375
2022-03-31,5995.2001953125
2022-04-01,6074.7998046875
2022-04-04,6171.2001953125
2022-04-05,6232.0498046875
2022-04-06,6292.85009765625
2022-04-07,6220.85009765625
2022-04-08,6346.7001953125
2022-04-11,6428.25
2022-04-12,6311.5498046875
2022-04-13,6349.35009765625
2022-04-18,6358.75
2022-04-19,6327.2998046875
2022-04-20,6375.5
2022-04-21,6425.7998046875
2022-04-22,6348.5
2022-04-25,6183.2998046875
2022-04-26,6266.10009765625
2022-04-27,6206.10009765625
2022-04-28,6277.5498046875
2022-04-29,6209.85009765625
2022-05-02,6219.35009765625
2022-05-04,6073.64990234375
2022-05-05,6082.64990234375
2022-05-06,5991.85009765625
2022-05-09,5872.14990234375
2022-05-10,5680.14990234375
2022-05-11,5698.5
2022-05-12,5534.60009765625
2022-05-13,5434.35009765625
2022-05-16,5469.85009765625
2022-05-17,5689.89990234375
2022-05-18,5697.4501953125
2022-05-19,5552.64990234375
2022-05-20,5662.5
2022-05-23,5468.64990234375
2022-05-24,5397.35009765625
2022-05-25,5345.25
2022-05-26,5405.0498046875
2022-05-27,5396.4501953125
2022-05-30,5486.25
2022-05-31,5477.39990234375
2022-06-01,5460.39990234375
2022-06-02,5523.5
2022-06-03,5424.75
2022-06-06,5414.0
2022-06-07,5403.7001953125
2022-06-08,5387.5
2022-06-09,5382.9501953125
2022-06-10,5331.85009765625
2022-06-13,5204.7998046875
2022-06-14,5183.7001953125
2022-06-15,5146.7998046875
2022-06-16,4970.0498046875
2022-06-17,4936.7998046875
2022-06-20,4843.75
2022-06-21,4973.4501953125
2022-06-22,4839.89990234375
2022-06-23,4862.60009765625
2022-06-24,4924.0498046875
2022-06-27,4999.4501953125
2022-06-28,5046.7998046875
2022-06-29,5066.60009765625
2022-06-30,5021.4501953125
2022-07-01,4983.0498046875
2022-07-04,4956.39990234375
2022-07-05,4955.14990234375
2022-07-06,4965.2001953125
2022-07-07,5052.60009765625
2022-07-08,5060.0498046875
2022-07-11,5157.7001953125
2022-07-12,5136.64990234375
2022-07-13,5125.9501953125
2022-07-14,5109.10009765625
2022-07-15,5114.0498046875
2022-07-18,5200.0498046875
2022-07-19,5227.64990234375
2022-07-20,5257.5
2022-07-21,5306.9501953125
2022-07-22,5341.64990234375
2022-07-25,5347.39990234375
2022-07-26,5324.2001953125
2022-07-27,5363.4501953125
2022-07-28,5414.10009765625
2022-07-29,5547.2001953125
2022-08-01,5641.9501953125
2022-08-02,5648.5498046875
2022-08-03,5618.64990234375
2022-08-04,5612.85009765625
2022-08-05,5642.7001953125
2022-08-08,5665.2998046875
2022-08-10,5688.85009765625
2022-08-11,5677.10009765625
2022-08-12,5759.0498046875
2022-08-16,5803.2001953125
2022-08-17,5835.35009765625
2022-08-18,5847.7001953125
2022-08-19,5788.64990234375
2022-08-22,5691.7001953125
2022-08-23,5743.0
2022-08-24,5738.85009765625
2022-08-25,5737.7998046875
2022-08-26,5800.89990234375
2022-08-29,5743.39990234375
2022-08-30,5866.0
2022-09-01,5805.4501953125
2022-09-02,5759.5
2022-09-05,5804.64990234375
2022-09-06,5850.9501953125
2022-09-07,5887.4501953125
2022-09-08,5908.25
2022-09-09,5892.2001953125
2022-09-12,5967.75
2022-09-13,5998.39990234375
2022-09-14,6041.2001953125
2022-09-15,6033.89990234375
2022-09-16,5859.85009765625
2022-09-19,5854.0498046875
2022-09-20,5915.60009765625
2022-09-21,5824.35009765625
2022-09-22,5804.0498046875
2022-09-23,5709.9501953125
2022-09-26,5524.2998046875
2022-09-27,5512.7998046875
2022-09-28,5418.7998046875
2022-09-29,5446.10009765625
2022-09-30,5562.14990234375
2022-10-03,5489.5498046875
2022-10-04,5617.39990234375
2022-10-06,5701.85009765625
2022-10-07,5698.0
2022-10-10,5662.10009765625
2022-10-11,5542.39990234375
2022-10-12,5598.39990234375
2022-10-13,5578.85009765625
2022-10-14,5562.2001953125
2022-10-17,5605.2998046875
2022-10-18,5629.85009765625
2022-10-19,5615.39990234375
2022-10-20,5666.0498046875
2022-10-21,5617.0498046875
2022-10-24,5654.14990234375
2022-10-25,5650.10009765625
2022-10-27,5737.10009765625
2022-10-28,5725.0
2022-10-31,5786.85009765625
2022-11-01,5853.2998046875
2022-11-02,5859.14990234375
2022-11-03,5844.39990234375
2022-11-04,5924.89990234375
2022-11-07,5971.75
2022-11-09,5949.75
2022-11-10,5873.75
2022-11-11,5939.7001953125
2022-11-14,5972.10009765625
2022-11-15,5999.9501953125
2022-11-16,5932.7998046875
2022-11-17,5903.5
2022-11-18,5867.75
2022-11-21,5816.39990234375
2022-11-22,5849.14990234375
2022-11-23,5873.25
2022-11-24,5906.2001953125
2022-11-25,5941.89990234375
2022-11-28,5961.4501953125
2022-11-29,5981.10009765625
2022-11-30,6083.9501953125
2022-12-01,6135.64990234375
2022-12-02,6144.2001953125
2022-12-05,6182.75
2022-12-06,6155.60009765625
2022-12-07,6101.64990234375
2022-12-08,6128.85009765625
2022-12-09,6069.60009765625
2022-12-12,6092.39990234375
2022-12-13,6092.0498046875
2022-12-14,6142.2001953125
2022-12-15,6074.0
2022-12-16,6017.39990234375
2022-12-19,6060.0498046875
2022-12-20,6037.5498046875
2022-12-21,5949.39990234375
2022-12-22,5909.5
2022-12-23,5701.25
2022-12-27,5930.14990234375
2022-12-28,5923.14990234375
2022-12-29,5930.2001953125
2022-12-30,5944.10009765625
2023-01-02,6020.0
2023-01-03,6004.5
2023-01-04,5901.2998046875
2023-01-05,5940.7998046875
2023-01-06,5907.0498046875
2023-01-09,5975.2001953125
2023-01-10,5956.89990234375
2023-01-11,5948.14990234375
2023-01-12,5942.35009765625
2023-01-13,5984.85009765625
2023-01-16,5978.0
2023-01-17,6012.7001953125
2023-01-18,6049.7001953125
2023-01-19,6038.0
2023-01-20,5995.10009765625
2023-01-23,5939.35009765625
2023-01-24,5888.35009765625
2023-01-25,5818.9501953125
2023-01-27,5660.85009765625
2023-01-30,5625.2001953125
2023-01-31,5701.7001953125
2023-02-01,5657.85009765625
2023-02-02,5602.14990234375
2023-02-03,5616.85009765625
2023-02-06,5579.39990234375
2023-02-07,5533.35009765625
2023-02-08,5586.35009765625
2023-02-09,5563.64990234375
2023-02-10,5537.7998046875
2023-02-13,5512.0498046875
2023-02-14,5521.64990234375
2023-02-15,5556.2001953125
2023-02-16,5612.0
2023-02-17,5631.0
2023-02-20,5618.75
2023-02-21,5611.2998046875
2023-02-22,5505.64990234375
2023-02-23,5499.10009765625
2023-02-24,5468.5
2023-02-27,5412.0498046875
2023-02-28,5372.2001953125
2023-03-01,5457.75
2023-03-02,5461.0498046875
2023-03-03,5522.64990234375
2023-03-06,5542.5
2023-03-08,5566.9501953125
2023-03-09,5548.7001953125
2023-03-10,5539.5
2023-03-13,5472.35009765625
2023-03-14,5450.64990234375
2023-03-15,5470.64990234375
2023-03-16,5458.75
2023-03-17,5514.5498046875
2023-03-20,5472.39990234375
2023-03-21,5514.9501953125
2023-03-22,5528.2001953125
2023-03-23,5522.2998046875
2023-03-24,5454.89990234375
2023-03-27,5459.25
2023-03-28,5432.39990234375
2023-03-29,5483.5498046875
2023-03-31,5554.2001953125
2023-04-03,5555.25
2023-04-05,5567.85009765625
2023-04-06,5580.39990234375
2023-04-10,5627.75
2023-04-11,5687.5498046875
2023-04-12,5690.9501953125
2023-04-13,5678.60009765625
2023-04-17,5701.14990234375
2023-04-18,5693.7998046875
2023-04-19,5681.7001953125
2023-04-20,5675.7001953125
2023-04-21,5645.0498046875
2023-04-24,5669.25
2023-04-25,5686.89990234375
2023-04-26,5678.64990234375
2023-04-27,5712.7998046875
2023-04-28,5781.64990234375
2023-05-02,5845.25
2023-05-03,5828.39990234375
2023-05-04,5861.2001953125
2023-05-05,5823.4501953125
2023-05-08,5875.14990234375
2023-05-09,5867.5
2023-05-10,5880.64990234375
2023-05-11,5877.7998046875
2023-05-12,5816.5
2023-05-15,5817.9501953125
2023-05-16,5818.0
2023-05-17,5786.2998046875
2023-05-18,5734.5
2023-05-19,5749.9501953125
2023-05-22,5795.39990234375
2023-05-23,5819.7998046875
2023-05-24,5808.89990234375
2023-05-25,5800.64990234375
2023-05-26,5860.7001953125
2023-05-29,5903.75
2023-05-30,5898.75
2023-05-31,5845.39990234375
2023-06-01,5828.35009765625
2023-06-02,5860.60009765625
2023-06-05,5886.75
2023-06-06,5918.2001953125
2023-06-07,5986.75
2023-06-08,5966.2998046875
2023-06-09,5928.4501953125
2023-06-12,5959.10009765625
2023-06-13,6008.35009765625
2023-06-14,6073.2998046875
2023-06-15,6066.5
2023-06-16,6095.85009765625
2023-06-19,6066.10009765625
2023-06-20,6080.85009765625
2023-06-21,6079.89990234375
2023-06-22,6031.5498046875
2023-06-23,5944.75
2023-06-26,5955.5
2023-06-27,5974.4501953125
2023-06-28,6020.14990234375
2023-06-30,6034.25
2023-07-03,6108.9501953125
2023-07-04,6094.39990234375
2023-07-05,6103.60009765625
2023-07-06,6163.2001953125
2023-07-07,6098.7998046875
2023-07-10,6131.64990234375
2023-07-11,6129.39990234375
2023-07-12,6127.60009765625
2023-07-13,6091.75
2023-07-14,6128.2001953125
2023-07-17,6161.2001953125
2023-07-18,6140.10009765625
2023-07-19,6178.75
2023-07-20,6193.9501953125
2023-07-21,6152.7998046875
2023-07-24,6130.85009765625
2023-07-25,6232.60009765625
2023-07-26,6270.4501953125
2023-07-27,6230.2998046875
2023-07-28,6278.5
2023-07-31,6360.25
2023-08-01,6405.0498046875
2023-08-02,6306.5498046875
2023-08-03,6267.4501953125
2023-08-04,6278.7001953125
2023-08-07,6284.0498046875
2023-08-08,6262.0
2023-08-09,6314.7001953125
2023-08-10,6307.2998046875
2023-08-11,6286.14990234375
2023-08-14,6216.60009765625
2023-08-16,6225.0498046875
2023-08-17,6193.35009765625
2023-08-18,6181.7998046875
2023-08-21,6235.2998046875
2023-08-22,6251.14990234375
2023-08-23,6243.39990234375
2023-08-24,6227.2001953125
2023-08-25,6172.35009765625
2023-08-28,6190.2998046875
2023-08-29,6258.0
2023-08-30,6270.9501953125
2023-08-31,6227.5
2023-09-01,6353.35009765625
2023-09-04,6475.7001953125
2023-09-05,6494.35009765625
2023-09-06,6486.89990234375
2023-09-07,6524.89990234375
2023-09-08,6563.64990234375
2023-09-11,6628.25
2023-09-12,6505.4501953125
2023-09-13,6561.9501953125
2023-09-14,6614.39990234375
2023-09-15,6611.9501953125
2023-09-18,6590.0
2023-09-20,6514.2001953125
2023-09-21,6477.5
2023-09-22,6438.4501953125
2023-09-25,6449.7001953125
2023-09-26,6470.7001953125
2023-09-27,6469.2998046875
2023-09-28,6387.7998046875
2023-09-29,6487.0498046875
2023-10-03,6429.5
2023-10-04,6341.5
2023-10-05,6339.75
2023-10-06,6363.0
2023-10-09,6288.39990234375
2023-10-10,6374.4501953125
2023-10-11,6445.9501953125
2023-10-12,6475.39990234375
2023-10-13,6460.7001953125
2023-10-16,6482.2001953125
2023-10-17,6515.0498046875
2023-10-18,6466.10009765625
2023-10-19,6448.2001953125
2023-10-20,6381.7998046875
2023-10-23,6230.25
2023-10-25,6206.64990234375
2023-10-26,6128.4501953125
2023-10-27,6202.0498046875
2023-10-30,6249.7001953125
2023-10-31,6260.89990234375
2023-11-01,6208.35009765625
2023-11-02,6293.7998046875
2023-11-03,6329.60009765625
2023-11-06,6421.75
2023-11-07,6440.0
2023-11-08,6481.7001953125
2023-11-09,6462.85009765625
2023-11-10,6502.5498046875
2023-11-13,6547.85009765625
2023-11-15,6630.5
2023-11-16,6653.7998046875
2023-11-17,6641.7998046875
2023-11-20,6619.4501953125
2023-11-21,6649.2998046875
2023-11-22,6643.7001953125
2023-11-23,6670.10009765625
2023-11-24,6667.85009765625
2023-11-28,6795.64990234375
2023-11-29,6814.5498046875
2023-11-30,6856.10009765625
2023-12-01,6924.89990234375
2023-12-04,7081.14990234375
2023-12-05,7220.7998046875
2023-12-06,7275.2001953125
2023-12-07,7309.89990234375
2023-12-08,7267.5
2023-12-11,7323.75
2023-12-12,7283.4501953125
2023-12-13,7317.9501953125
2023-12-14,7397.35009765625
2023-12-15,7506.75
2023-12-18,7504.9501953125
2023-12-19,7543.2998046875
2023-12-20,7321.35009765625
2023-12-21,7422.35009765625
2023-12-22,7470.4501953125
2023-12-26,7565.9501953125
2023-12-27,7640.64990234375
2023-12-28,7728.5498046875
2023-12-29,7715.7998046875
2024-01-02,7715.2998046875
2024-01-03,7678.0498046875
2024-01-04,7724.10009765625
2024-01-05,7704.4501953125
2024-01-08,7643.5
2024-01-09,7653.9501953125
2024-01-10,7657.85009765625
2024-01-11,7724.5
2024-01-12,7755.0
2024-01-15,7804.25
2024-01-16,7808.2998046875
2024-01-17,7664.9501953125
2024-01-18,7623.0
2024-01-19,7732.2001953125
2024-01-23,7530.5498046875
2024-01-24,7678.0
2024-01-25,7733.64990234375
2024-01-29,7968.7001953125
2024-01-30,7888.60009765625
2024-01-31,7973.10009765625
2024-02-01,7935.64990234375
2024-02-02,8105.85009765625
2024-02-05,8112.89990234375
2024-02-06,8234.5498046875
2024-02-07,8306.0
2024-02-08,8294.849609375
2024-02-09,8244.849609375
2024-02-12,8068.14990234375
2024-02-13,8044.10009765625
2024-02-14,8190.7001953125
2024-02-15,8289.150390625
2024-02-16,8312.900390625
2024-02-20,8333.5
2024-02-21,8258.400390625
2024-02-22,8318.5
2024-02-23,8293.650390625
2024-02-26,8269.2001953125
2024-02-27,8263.849609375
2024-02-28,8104.5
2024-02-29,8140.7001953125
2024-03-01,8353.849609375
2024-03-04,8443.099609375
2024-03-05,8461.599609375
2024-03-06,8432.0
2024-03-07,8480.0498046875
2024-03-11,8414.25
2024-03-12,8316.2998046875
2024-03-13,7935.7001953125
2024-03-14,8086.0
2024-03-15,8010.7998046875
2024-03-18,8099.35009765625
2024-03-19,7991.39990234375
2024-03-20,7988.39990234375
2024-03-21,8157.5
2024-03-22,8203.900390625
2024-03-26,8232.849609375
2024-03-27,8237.150390625
2024-03-28,8331.650390625
2024-04-01,8504.599609375
2024-04-02,8599.900390625
2024-04-03,8615.9501953125
2024-04-04,8595.400390625
2024-04-05,8564.0498046875
2024-04-08,8648.0498046875
2024-04-09,8640.099609375
2024-04-10,8729.5498046875
2024-04-12,8650.400390625
2024-04-15,8587.849609375
2024-04-16,8590.7998046875
2024-04-18,8521.25
2024-04-19,8538.400390625
2024-04-22,8581.349609375
2024-04-23,8592.150390625
2024-04-24,8682.4501953125
2024-04-25,8749.5
2024-04-26,8752.599609375
2024-04-29,8837.650390625
2024-04-30,8797.5
2024-05-02,8874.349609375
2024-05-03,8853.7001953125
2024-05-06,8744.2998046875
2024-05-07,8568.2001953125
2024-05-08,8634.5
2024-05-09,8424.599609375
2024-05-10,8536.150390625
2024-05-13,8539.9501953125
2024-05-14,8683.2001953125
2024-05-15,8753.5
2024-05-16,8783.2998046875
2024-05-17,8863.849609375
2024-05-21,9066.349609375
2024-05-22,9094.0
2024-05-23,9140.9501953125
2024-05-24,9141.849609375
2024-05-27,9101.2001953125
2024-05-28,9028.7998046875
2024-05-29,8974.75
2024-05-30,8825.7998046875
2024-05-31,8885.599609375
2024-06-03,9364.0498046875
2024-06-04,8370.7001953125
2024-06-05,8693.7001953125
2024-06-06,8817.7998046875
2024-06-07,9011.5498046875
2024-06-10,9078.9501953125
2024-06-11,9106.099609375
2024-06-12,9159.2998046875
2024-06-13,9168.150390625
2024-06-14,9201.0
2024-06-18,9199.7998046875
2024-06-19,9081.0
2024-06-20,9171.75
2024-06-21,9125.25
2024-06-24,9110.400390625
2024-06-25,9055.4501953125
2024-06-26,9085.5498046875
2024-06-27,9207.0
2024-06-28,9266.7001953125
2024-07-01,9301.099609375
2024-07-02,9289.599609375
2024-07-03,9323.099609375
2024-07-04,9317.7001953125
2024-07-05,9388.4501953125
2024-07-08,9345.2998046875
2024-07-09,9378.5498046875
2024-07-10,9347.9501953125
2024-07-11,9372.150390625
2024-07-12,9379.150390625
2024-07-15,9457.25
2024-07-16,9455.4501953125
2024-07-18,9433.25
2024-07-19,9146.650390625
2024-07-22,9223.25
2024-07-23,9194.2998046875
2024-07-24,9238.4501953125
2024-07-25,9286.5498046875
2024-07-26,9449.0498046875
2024-07-29,9504.2998046875
2024-07-30,9569.599609375
2024-07-31,9654.099609375
2024-08-01,9718.400390625
2024-08-02,9525.7001953125
2024-08-05,9171.150390625
2024-08-06,9144.400390625
2024-08-07,9346.7998046875
2024-08-08,9188.7001953125
2024-08-09,9265.7001953125
2024-08-12,9253.4501953125
2024-08-13,9141.0498046875
2024-08-14,9065.2001953125
2024-08-16,9209.9501953125
2024-08-19,9330.150390625
2024-08-20,9375.150390625
2024-08-21,9415.349609375
2024-08-22,9431.099609375
2024-08-23,9407.5498046875
2024-08-26,9508.900390625
2024-08-27,9458.75
2024-08-28,9436.849609375
2024-08-29,9445.599609375
2024-08-30,9484.2001953125
2024-09-02,9503.400390625
2024-09-03,9454.5
2024-09-04,9436.9501953125
2024-09-05,9413.7998046875
2024-09-06,9291.9501953125
2024-09-09,9249.75
2024-09-10,9296.0
2024-09-11,9162.2001953125
2024-09-12,9366.150390625
2024-09-13,9358.0498046875
2024-09-16,9417.900390625
2024-09-17,9415.2998046875
2024-09-18,9337.0498046875
2024-09-19,9307.2001953125
2024-09-20,9405.5
2024-09-23,9509.5
2024-09-24,9597.0498046875
2024-09-25,9628.849609375
2024-09-26,9727.7998046875
2024-09-27,9827.5498046875
2024-09-30,9825.75
2024-10-01,9803.7001953125
2024-10-03,9630.5
2024-10-04,9528.4501953125
2024-10-07,9300.599609375
2024-10-08,9381.25
2024-10-09,9341.25
2024-10-10,9354.849609375
2024-10-11,9382.150390625
2024-10-14,9375.0498046875
2024-10-15,9336.25
2024-10-16,9334.4501953125
2024-10-17,9186.0498046875
2024-10-18,9287.650390625
2024-10-21,9176.849609375
2024-10-22,8962.0
2024-10-23,8930.0
2024-10-24,8959.75
2024-10-25,8762.400390625
2024-10-28,8837.650390625
2024-10-29,8892.400390625
2024-10-30,8882.5
2024-10-31,8887.849609375
2024-11-01,8958.400390625
2024-11-04,8760.150390625
2024-11-05,8906.5
2024-11-06,9062.0
2024-11-07,8897.25
2024-11-08,8770.599609375
2024-11-11,8684.150390625
2024-11-12,8579.75
2024-11-13,8413.7998046875
2024-11-14,8400.7001953125
2024-11-18,8392.849609375
2024-11-19,8360.4501953125
2024-11-21,8192.5498046875
2024-11-22,8311.099609375
2024-11-25,8383.599609375
2024-11-26,8333.25
2024-11-27,8443.2998046875
2024-11-28,8406.849609375
2024-11-29,8536.599609375
2024-12-02,8619.2001953125
2024-12-03,8720.2001953125
2024-12-04,8703.650390625
2024-12-05,8729.099609375
2024-12-06,8764.2998046875
2024-12-09,8762.75
2024-12-10,8748.5
2024-12-11,8753.2998046875
2024-12-12,8724.5498046875
2024-12-13,8729.650390625
2024-12-16,8665.150390625
2024-12-17,8523.9501953125
2024-12-18,8422.0
2024-12-19,8349.2001953125
2024-12-20,8188.4501953125
2024-12-23,8246.9501953125
2024-12-24,8206.25
2024-12-26,8212.900390625
2024-12-27,8154.39990234375
2024-12-30,8084.64990234375
2024-12-31,8120.5498046875
2025-01-02,8245.099609375
2025-01-03,8283.75
2025-01-06,8027.35009765625
2025-01-07,8112.75
2025-01-08,8102.9501953125
2025-01-09,8017.85009765625
2025-01-10,7873.0498046875
2025-01-13,7616.35009765625
2025-01-14,7844.5
2025-01-15,7902.89990234375
2025-01-16,8009.75
2025-01-17,8097.85009765625
2025-01-20,8159.60009765625
2025-01-21,8056.85009765625
2025-01-22,8018.0498046875
2025-01-23,8098.0
2025-01-24,8027.0
2025-01-27,7866.5498046875
2025-01-28,7830.9501953125
2025-01-29,7923.7998046875
2025-01-30,7979.75
2025-01-31,8085.64990234375
2025-02-03,7864.0
2025-02-04,8016.7998046875
2025-02-05,8100.10009765625
2025-02-06,8040.39990234375
2025-02-07,8083.9501953125
2025-02-10,7937.85009765625
2025-02-11,7808.2001953125
2025-02-12,7816.25
2025-02-13,7843.85009765625
2025-02-14,7706.14990234375
2025-02-17,7759.2998046875
2025-02-18,7781.85009765625
2025-02-19,7839.0
2025-02-20,7956.2998046875
2025-02-21,7954.0
2025-02-24,7827.14990234375
2025-02-25,7758.2001953125
2025-02-27,7713.75
2025-02-28,7595.7998046875
2025-03-03,7648.75
2025-03-04,7678.7001953125
2025-03-05,7886.2001953125
2025-03-06,8041.39990234375
2025-03-07,8063.0498046875
2025-03-10,7992.5
2025-03-11,8043.60009765625
2025-03-12,8049.7001953125
2025-03-13,8008.4501953125
2025-03-17,8065.9501953125
2025-03-18,8169.10009765625
2025-03-19,8281.099609375
2025-03-20,8341.0
2025-03-21,8430.7001953125
2025-03-24,8533.650390625
2025-03-25,8478.2998046875
2025-03-26,8408.9501953125
2025-03-27,8514.900390625
2025-03-28,8468.7001953125
2025-04-01,8408.2001953125
2025-04-02,8445.4501953125
2025-04-03,8459.2998046875
2025-04-04,8150.7998046875
2025-04-07,7849.60009765625
2025-04-08,7980.7001953125
2025-04-09,7939.64990234375
2025-04-11,8177.10009765625
2025-04-15,8347.0
2025-04-16,8379.2998046875
2025-04-17,8448.0498046875
2025-04-21,8574.5
2025-04-22,8561.0
2025-04-23,8590.25
2025-04-24,8617.2998046875
2025-04-25,8473.900390625
2025-04-28,8617.349609375
2025-04-29,8558.2001953125
2025-04-30,8515.5
2025-05-02,8486.7001953125
2025-05-05,8563.2001953125
2025-05-06,8453.5
2025-05-07,8482.900390625
2025-05-08,8358.7998046875
2025-05-09,8302.599609375
2025-05-12,8644.150390625
2025-05-13,8549.25
2025-05-14,8645.650390625
2025-05-15,8773.2001953125
2025-05-16,8812.150390625
2025-05-19,8784.9501953125
2025-05-20,8710.849609375
2025-05-21,8741.849609375
2025-05-22,8667.849609375
2025-05-23,8724.400390625
2025-05-26,8764.849609375
2025-05-27,8696.099609375
2025-05-28,8647.099609375
2025-05-29,8678.0
2025-05-30,8583.849609375
2025-06-02,8565.599609375
2025-06-03,8507.0498046875
2025-06-04,8565.650390625
2025-06-05,8581.849609375
2025-06-06,8685.349609375
2025-06-09,8752.849609375
2025-06-10,8797.75
2025-06-11,8839.0
2025-06-12,8700.599609375
2025-06-13,8637.5498046875
2025-06-16,8731.0
2025-06-17,8663.5498046875
2025-06-18,8621.7001953125
2025-06-19,8549.900390625
2025-06-20,8626.75
2025-06-23,8651.0498046875
2025-06-24,8703.75
2025-06-25,8753.599609375
2025-06-26,8907.849609375
2025-06-27,8974.7998046875
2025-06-30,8937.9501953125
2025-07-01,8966.400390625
2025-07-02,9023.0498046875
2025-07-03,8997.0
2025-07-04,9017.400390625
2025-07-07,9004.9501953125
2025-07-08,9040.150390625
2025-07-09,8988.349609375
2025-07-10,8976.349609375
2025-07-11,8918.599609375
2025-07-14,8937.25
2025-07-15,8958.150390625
2025-07-16,8947.7001953125
2025-07-17,8960.099609375
2025-07-18,8947.25
2025-07-21,8952.2001953125
2025-07-22,8925.25
2025-07-23,8958.2998046875
2025-07-24,8915.9501953125
2025-07-25,8773.7998046875
2025-07-28,8758.75
2025-07-29,8832.25
2025-07-30,8845.25
2025-07-31,8744.900390625
2025-08-01,8619.2998046875
2025-08-04,8747.5498046875
2025-08-05,8748.25
2025-08-06,8707.099609375
2025-08-07,8707.849609375
2025-08-08,8638.900390625
2025-08-11,8713.5
2025-08-12,8726.099609375
2025-08-13,8752.5
2025-08-14,8673.2001953125
2025-08-18,8789.2998046875
2025-08-19,8848.099609375
2025-08-20,8869.099609375
2025-08-21,8857.4501953125
2025-08-22,8761.349609375
2025-08-25,8797.650390625
2025-08-26,8677.2001953125
2025-08-28,8610.75
2025-08-29,8571.7998046875
2025-09-01,8693.7001953125
2025-09-02,8738.349609375
2025-09-03,8839.0
2025-09-04,8779.150390625
2025-09-05,8787.400390625
2025-09-08,8822.2001953125
2025-09-09,8813.0
2025-09-10,8829.25
2025-09-11,8864.7998046875
2025-09-12,8901.0
2025-09-15,8912.099609375
2025-09-16,8986.5
2025-09-17,9001.400390625
2025-09-18,9006.7998046875
2025-09-19,9048.400390625
2025-09-22,9111.0498046875
2025-09-23,9101.099609375
2025-09-24,9034.9501953125
2025-09-25,9007.9501953125
2025-09-26,8890.349609375
2025-09-29,8951.5
2025-09-30,8985.900390625
2025-10-01,9026.599609375
2025-10-03,9080.9501953125
2025-10-06,9094.7998046875
2025-10-07,9098.0498046875
2025-10-08,9027.5
2025-10-09,9128.900390625
2025-10-10,9131.25
2025-10-13,9116.599609375
2025-10-14,9050.650390625
2025-10-15,9142.7001953125
2025-10-16,9211.349609375
2025-10-17,9194.2998046875
2025-10-20,9238.650390625
2025-10-21,9252.4501953125
2025-10-23,9216.0498046875
2025-10-24,9227.0498046875
2025-10-27,9325.5498046875
2025-10-28,9338.2998046875
2025-10-29,9499.849609375
2025-10-30,9487.5498046875
2025-10-31,9408.0498046875
2025-11-03,9450.7998046875
2025-11-04,9363.7001953125
2025-11-06,9242.849609375
2025-11-07,9278.650390625
2025-11-10,9295.7998046875
2025-11-11,9349.9501953125
2025-11-12,9363.5
2025-11-13,9364.650390625
2025-11-14,9337.849609375
2025-11-17,9357.0498046875
2025-11-18,9285.0498046875
2025-11-19,9250.099609375
2025-11-20,9275.7998046875
2025-11-21,9172.0
2025-11-24,9067.650390625
2025-11-25,9081.650390625
2025-11-26,9243.849609375
2025-11-27,9218.5498046875
2025-11-28,9210.7001953125
2025-12-01,9227.5
2025-12-02,9197.7001953125
2025-12-03,9136.599609375
2025-12-04,9136.7001953125
2025-12-05,9162.7001953125
2025-12-08,9042.150390625
2025-12-09,9032.900390625
2025-12-10,9053.400390625
2025-12-11,9116.0
2025-12-12,9263.75
2025-12-15,9277.400390625
2025-12-16,9195.849609375
2025-12-17,9196.099609375
2025-12-18,9168.849609375
2025-12-19,9221.900390625
2025-12-22,9287.2998046875
2025-12-23,9340.0
2025-12-24,9314.9501953125
2025-12-26,9332.349609375
2025-12-29,9318.75
2025-12-30,9364.2998046875
2025-12-31,9515.150390625
2026-01-02,9734.650390625
2026-01-05,9736.7998046875
2026-01-06,9700.2001953125
2026-01-07,9669.7001953125
2026-01-08,9437.25
2026-01-09,9367.099609375
2026-01-12,9491.150390625
2026-01-13,9480.2001953125
2026-01-14,9620.5
2026-01-16,9620.599609375
2026-01-19,9534.599609375
2026-01-20,9341.75
2026-01-21,9347.5
2026-01-22,9464.7001953125
2026-01-23,9333.7001953125
2026-01-27,9492.599609375
2026-01-28,9706.7998046875
2026-01-29,9859.7001953125
2026-01-30,9649.9501953125
2026-02-02,9505.349609375
2026-02-03,9733.0
2026-02-04,9917.9501953125
2026-02-05,9880.2001953125
2026-02-06,9894.650390625
2026-02-09,9987.5
2026-02-10,10032.4501953125
2026-02-11,10061.4501953125
2026-02-12,10019.900390625
2026-02-13,9795.9501953125
2026-02-16,9900.849609375
2026-02-17,9861.400390625
2026-02-18,9932.2998046875
2026-02-19,9796.2998046875
2026-02-20,9888.4501953125
2026-02-23,9891.5
2026-02-24,9960.349609375
2026-02-25,10035.2001953125
2026-02-26,10067.25
2026-02-27,9955.9501953125
2026-03-02,9849.5498046875
2026-03-04,9567.0
2026-03-05,9763.150390625
2026-03-06,9726.7001953125
2026-03-09,9514.4501953125
2026-03-10,9613.400390625
2026-03-11,9563.5498046875
2026-03-12,9637.2998046875
2026-03-13,9341.0498046875
2026-03-16,9370.099609375
2026-03-17,9479.25
2026-03-18,9509.849609375
2026-03-19,9271.400390625
2026-03-20,9390.5
2026-03-23,9058.150390625
2026-03-24,9185.599609375
2026-03-25,9357.400390625
2026-03-27,9223.849609375
2026-03-30,9127.75
2026-04-01,9256.75
2026-04-02,9216.7998046875
2026-04-06,9291.7001953125
2026-04-07,9362.7001953125
2026-04-08,9644.349609375
2026-04-09,9679.7001953125
2026-04-10,9754.599609375
2026-04-13,9728.2001953125
2026-04-15,9909.400390625
2026-04-16,9970.2001953125
2026-04-17,10083.2001953125
2026-04-20,10109.5
2026-04-21,10123.599609375
2026-04-22,10217.5498046875
2026-04-23,10145.599609375
2026-04-24,10108.7998046875
2026-04-27,10273.099609375
2026-04-28,10345.2998046875
2026-04-29,10352.900390625
2026-04-30,10238.099609375
2026-05-04,10321.25
2026-05-05,10329.900390625
2026-05-06,10398.7001953125
2026-05-07,10432.5498046875
2026-05-08,10345.099609375
2026-05-11,10234.75
2026-05-12,10108.900390625
2026-05-13,10231.7998046875
2026-05-14,10338.4501953125
2026-05-15,10205.400390625
2026-05-18,10138.7998046875
2026-05-19,10134.599609375
2026-05-20,10201.900390625
2026-05-21,10228.5498046875
2026-05-22,10242.7001953125
2026-05-25,10345.5
2026-05-26,10395.2998046875
2026-05-27,10503.2001953125
2026-05-29,10295.0
2026-06-01,10242.099609375
2026-06-02,10222.650390625
2026-06-03,10203.7998046875
2026-06-04,10181.9501953125
2026-06-05,10103.2998046875
2026-06-08,9942.150390625
2026-06-09,9973.2998046875
2026-06-10,9819.25
2026-06-11,9760.2998046875
2026-06-12,9896.4501953125
2026-06-15,10022.0498046875
2026-06-16,10008.9501953125
2026-06-17,10044.4501953125
2026-06-18,10090.0
2026-06-19,10055.7998046875
2026-06-22,10124.0
2026-06-23,9957.7998046875
2026-06-24,9944.7001953125
2026-06-25,9855.0
2026-06-30,9792.9501953125
