index_name,date,tri
Nifty Midcap 150 TRI,2019-01-14,6256.64990234375
Nifty Midcap 150 TRI,2019-01-15,6290.654310593802
Nifty Midcap 150 TRI,2019-01-16,6280.308109821184
Nifty Midcap 150 TRI,2019-01-17,6264.911221340394
Nifty Midcap 150 TRI,2019-01-18,6233.6614323855
Nifty Midcap 150 TRI,2019-01-21,6191.212923095683
Nifty Midcap 150 TRI,2019-01-22,6183.563462605916
Nifty Midcap 150 TRI,2019-01-23,6169.361883834535
Nifty Midcap 150 TRI,2019-01-24,6151.558623707608
Nifty Midcap 150 TRI,2019-01-25,6070.237838006328
Nifty Midcap 150 TRI,2019-01-28,5968.549403652375
Nifty Midcap 150 TRI,2019-01-29,5981.450508870062
Nifty Midcap 150 TRI,2019-01-30,6015.5104484771955
Nifty Midcap 150 TRI,2019-01-31,6047.171152162235
Nifty Midcap 150 TRI,2019-02-01,6078.733263684205
Nifty Midcap 150 TRI,2019-02-04,6038.909882366244
Nifty Midcap 150 TRI,2019-02-05,5994.18420139271
Nifty Midcap 150 TRI,2019-02-06,5999.934012707969
Nifty Midcap 150 TRI,2019-02-07,6040.705202711316
Nifty Midcap 150 TRI,2019-02-08,5971.060597590176
Nifty Midcap 150 TRI,2019-02-11,5879.3869808858735
Nifty Midcap 150 TRI,2019-02-12,5869.87443701598
Nifty Midcap 150 TRI,2019-02-14,5877.167750355535
Nifty Midcap 150 TRI,2019-02-15,5829.123719340645
Nifty Midcap 150 TRI,2019-02-18,5767.900188578793
Nifty Midcap 150 TRI,2019-02-19,5795.615823960719
Nifty Midcap 150 TRI,2019-02-20,5846.554077615659
Nifty Midcap 150 TRI,2019-02-21,5900.69800667497
Nifty Midcap 150 TRI,2019-02-22,5928.268883155051
Nifty Midcap 150 TRI,2019-02-25,5950.877902917743
Nifty Midcap 150 TRI,2019-02-26,5945.567935072575
Nifty Midcap 150 TRI,2019-02-27,5969.239162392123
Nifty Midcap 150 TRI,2019-02-28,5999.619143017064
Nifty Midcap 150 TRI,2019-03-01,6075.702053304113
Nifty Midcap 150 TRI,2019-03-05,6200.800950336562
Nifty Midcap 150 TRI,2019-03-06,6227.68619120769
Nifty Midcap 150 TRI,2019-03-07,6211.918764008774
Nifty Midcap 150 TRI,2019-03-08,6205.6125601976855
Nifty Midcap 150 TRI,2019-03-11,6326.484557588644
Nifty Midcap 150 TRI,2019-03-12,6362.89059799851
Nifty Midcap 150 TRI,2019-03-13,6333.304202594558
Nifty Midcap 150 TRI,2019-03-14,6333.760291103065
Nifty Midcap 150 TRI,2019-03-15,6374.224947521706
Nifty Midcap 150 TRI,2019-03-18,6353.561320989925
Nifty Midcap 150 TRI,2019-03-19,6388.47189411924
Nifty Midcap 150 TRI,2019-03-20,6363.638598445801
Nifty Midcap 150 TRI,2019-03-22,6337.4571087627255
Nifty Midcap 150 TRI,2019-03-25,6287.286827799434
Nifty Midcap 150 TRI,2019-03-26,6347.946249723946
Nifty Midcap 150 TRI,2019-03-27,6383.113948105015
Nifty Midcap 150 TRI,2019-03-28,6454.498062800707
Nifty Midcap 150 TRI,2019-04-01,6534.881523116715
Nifty Midcap 150 TRI,2019-04-02,6537.697295237057
Nifty Midcap 150 TRI,2019-04-03,6475.286334603175
Nifty Midcap 150 TRI,2019-04-04,6466.277302080881
Nifty Midcap 150 TRI,2019-04-05,6510.823838986903
Nifty Midcap 150 TRI,2019-04-08,6465.208113316521
Nifty Midcap 150 TRI,2019-04-09,6471.028404800682
Nifty Midcap 150 TRI,2019-04-10,6459.563037946134
Nifty Midcap 150 TRI,2019-04-11,6462.426970538244
Nifty Midcap 150 TRI,2019-04-12,6486.7376768330305
Nifty Midcap 150 TRI,2019-04-15,6519.737775695412
Nifty Midcap 150 TRI,2019-04-16,6527.815460636847
Nifty Midcap 150 TRI,2019-04-18,6473.15900851631
Nifty Midcap 150 TRI,2019-04-22,6375.65866217984
Nifty Midcap 150 TRI,2019-04-23,6382.68181520236
Nifty Midcap 150 TRI,2019-04-24,6399.97999403437
Nifty Midcap 150 TRI,2019-04-25,6375.927180558938
Nifty Midcap 150 TRI,2019-04-26,6358.640093517228
Nifty Midcap 150 TRI,2019-04-30,6308.782855302288
Nifty Midcap 150 TRI,2019-05-02,6273.448266080626
Nifty Midcap 150 TRI,2019-05-03,6271.245768586298
Nifty Midcap 150 TRI,2019-05-06,6226.5335496346215
Nifty Midcap 150 TRI,2019-05-07,6165.917980614681
Nifty Midcap 150 TRI,2019-05-08,6110.764891907592
Nifty Midcap 150 TRI,2019-05-09,6097.5769273995
Nifty Midcap 150 TRI,2019-05-10,6119.9395257733195
Nifty Midcap 150 TRI,2019-05-13,6002.29568791539
Nifty Midcap 150 TRI,2019-05-14,6025.661566367122
Nifty Midcap 150 TRI,2019-05-15,5993.613862128031
Nifty Midcap 150 TRI,2019-05-16,6009.457698050204
Nifty Midcap 150 TRI,2019-05-17,6067.830334054608
Nifty Midcap 150 TRI,2019-05-20,6289.810654869738
Nifty Midcap 150 TRI,2019-05-21,6229.526955115579
Nifty Midcap 150 TRI,2019-05-22,6231.936845863923
Nifty Midcap 150 TRI,2019-05-23,6225.067533793114
Nifty Midcap 150 TRI,2019-05-24,6343.446755649407
Nifty Midcap 150 TRI,2019-05-27,6446.598160409808
Nifty Midcap 150 TRI,2019-05-28,6460.852363688238
Nifty Midcap 150 TRI,2019-05-29,6421.379827773768
Nifty Midcap 150 TRI,2019-05-30,6459.764766089595
Nifty Midcap 150 TRI,2019-05-31,6463.886721818382
Nifty Midcap 150 TRI,2019-06-03,6517.393845917503
Nifty Midcap 150 TRI,2019-06-04,6511.282067510231
Nifty Midcap 150 TRI,2019-06-06,6415.46507816666
Nifty Midcap 150 TRI,2019-06-07,6406.5406256583165
Nifty Midcap 150 TRI,2019-06-10,6414.689646179268
Nifty Midcap 150 TRI,2019-06-11,6452.683827971642
Nifty Midcap 150 TRI,2019-06-12,6399.898961187184
Nifty Midcap 150 TRI,2019-06-13,6382.240522826987
Nifty Midcap 150 TRI,2019-06-14,6329.752737860661
Nifty Midcap 150 TRI,2019-06-17,6254.683761199
Nifty Midcap 150 TRI,2019-06-18,6247.208143307701
Nifty Midcap 150 TRI,2019-06-19,6190.494289364218
Nifty Midcap 150 TRI,2019-06-20,6274.668826169227
Nifty Midcap 150 TRI,2019-06-21,6276.9310014398725
Nifty Midcap 150 TRI,2019-06-24,6260.9281457924035
Nifty Midcap 150 TRI,2019-06-25,6300.940005985808
Nifty Midcap 150 TRI,2019-06-26,6349.186384326238
Nifty Midcap 150 TRI,2019-06-27,6380.918618310216
Nifty Midcap 150 TRI,2019-06-28,6372.289659353835
Nifty Midcap 150 TRI,2019-07-01,6386.31437154389
Nifty Midcap 150 TRI,2019-07-02,6405.399438182335
Nifty Midcap 150 TRI,2019-07-03,6415.146769852576
Nifty Midcap 150 TRI,2019-07-04,6406.165788074972
Nifty Midcap 150 TRI,2019-07-05,6310.017554681214
Nifty Midcap 150 TRI,2019-07-08,6156.823720009007
Nifty Midcap 150 TRI,2019-07-09,6175.3037135135
Nifty Midcap 150 TRI,2019-07-10,6121.772423686492
Nifty Midcap 150 TRI,2019-07-11,6165.160784356637
Nifty Midcap 150 TRI,2019-07-12,6188.9154344388535
Nifty Midcap 150 TRI,2019-07-15,6145.676259937687
Nifty Midcap 150 TRI,2019-07-16,6185.856407542747
Nifty Midcap 150 TRI,2019-07-17,6170.5886126985715
Nifty Midcap 150 TRI,2019-07-18,6082.339718760596
Nifty Midcap 150 TRI,2019-07-19,5970.127815806472
Nifty Midcap 150 TRI,2019-07-22,5932.340068170737
Nifty Midcap 150 TRI,2019-07-23,5911.387487957179
Nifty Midcap 150 TRI,2019-07-24,5830.755013728828
Nifty Midcap 150 TRI,2019-07-25,5858.025512150833
Nifty Midcap 150 TRI,2019-07-26,5885.69914511476
Nifty Midcap 150 TRI,2019-07-29,5835.790740148673
Nifty Midcap 150 TRI,2019-07-30,5740.825491838317
Nifty Midcap 150 TRI,2019-07-31,5801.007231737496
Nifty Midcap 150 TRI,2019-08-01,5748.845024787352
Nifty Midcap 150 TRI,2019-08-02,5741.298522539769
Nifty Midcap 150 TRI,2019-08-05,5662.175530644426
Nifty Midcap 150 TRI,2019-08-06,5762.062340483404
Nifty Midcap 150 TRI,2019-08-07,5736.123158111567
Nifty Midcap 150 TRI,2019-08-08,5772.044319281448
Nifty Midcap 150 TRI,2019-08-09,5827.717173719618
Nifty Midcap 150 TRI,2019-08-13,5722.392232391143
Nifty Midcap 150 TRI,2019-08-14,5770.531575289577
Nifty Midcap 150 TRI,2019-08-16,5787.5021587479905
Nifty Midcap 150 TRI,2019-08-19,5805.32022314398
Nifty Midcap 150 TRI,2019-08-20,5763.538841873127
Nifty Midcap 150 TRI,2019-08-21,5685.561979800617
Nifty Midcap 150 TRI,2019-08-22,5589.031254039469
Nifty Midcap 150 TRI,2019-08-23,5638.384152160741
Nifty Midcap 150 TRI,2019-08-26,5714.262919178609
Nifty Midcap 150 TRI,2019-08-27,5763.3723350492655
Nifty Midcap 150 TRI,2019-08-28,5714.291882947079
Nifty Midcap 150 TRI,2019-08-29,5691.403793673389
Nifty Midcap 150 TRI,2019-08-30,5744.7404962207665
Nifty Midcap 150 TRI,2019-09-03,5658.9641391126515
Nifty Midcap 150 TRI,2019-09-04,5678.865492396357
Nifty Midcap 150 TRI,2019-09-05,5692.532422227023
Nifty Midcap 150 TRI,2019-09-06,5729.634527003727
Nifty Midcap 150 TRI,2019-09-09,5791.714928416247
Nifty Midcap 150 TRI,2019-09-11,5837.717645614284
Nifty Midcap 150 TRI,2019-09-12,5821.81607961304
Nifty Midcap 150 TRI,2019-09-13,5852.238207297032
Nifty Midcap 150 TRI,2019-09-16,5847.437354627282
Nifty Midcap 150 TRI,2019-09-17,5741.945259792571
Nifty Midcap 150 TRI,2019-09-18,5761.553810076162
Nifty Midcap 150 TRI,2019-09-19,5675.5727080547695
Nifty Midcap 150 TRI,2019-09-20,5995.6602470981115
Nifty Midcap 150 TRI,2019-09-23,6159.508405980602
Nifty Midcap 150 TRI,2019-09-24,6128.617839685146
Nifty Midcap 150 TRI,2019-09-25,6031.4134740954405
Nifty Midcap 150 TRI,2019-09-26,6079.5604454033055
Nifty Midcap 150 TRI,2019-09-27,6027.482733090916
Nifty Midcap 150 TRI,2019-09-30,5949.882242973583
Nifty Midcap 150 TRI,2019-10-01,5852.759409599257
Nifty Midcap 150 TRI,2019-10-03,5848.115062807878
Nifty Midcap 150 TRI,2019-10-04,5801.457556625419
Nifty Midcap 150 TRI,2019-10-07,5785.83038848704
Nifty Midcap 150 TRI,2019-10-09,5851.995654432686
Nifty Midcap 150 TRI,2019-10-10,5796.925975118467
Nifty Midcap 150 TRI,2019-10-11,5809.450208847059
Nifty Midcap 150 TRI,2019-10-14,5825.582668719693
Nifty Midcap 150 TRI,2019-10-15,5842.688817320431
Nifty Midcap 150 TRI,2019-10-16,5832.5127638653985
Nifty Midcap 150 TRI,2019-10-17,5928.704320569334
Nifty Midcap 150 TRI,2019-10-18,6032.803721611504
Nifty Midcap 150 TRI,2019-10-22,6040.4942670791115
Nifty Midcap 150 TRI,2019-10-23,6048.244656991283
Nifty Midcap 150 TRI,2019-10-24,6035.9067415286045
Nifty Midcap 150 TRI,2019-10-25,6027.243635800808
Nifty Midcap 150 TRI,2019-10-29,6136.701571971673
Nifty Midcap 150 TRI,2019-10-30,6165.907460998497
Nifty Midcap 150 TRI,2019-10-31,6245.9246562668495
Nifty Midcap 150 TRI,2019-11-01,6267.07733896908
Nifty Midcap 150 TRI,2019-11-04,6261.293485909878
Nifty Midcap 150 TRI,2019-11-05,6203.177324873106
Nifty Midcap 150 TRI,2019-11-06,6195.422188654245
Nifty Midcap 150 TRI,2019-11-07,6236.773135209803
Nifty Midcap 150 TRI,2019-11-08,6198.647327414765
Nifty Midcap 150 TRI,2019-11-11,6232.297899539166
Nifty Midcap 150 TRI,2019-11-13,6183.590326362966
Nifty Midcap 150 TRI,2019-11-14,6199.055985085321
Nifty Midcap 150 TRI,2019-11-15,6216.134021041913
Nifty Midcap 150 TRI,2019-11-18,6257.902434789482
Nifty Midcap 150 TRI,2019-11-19,6274.984067176191
Nifty Midcap 150 TRI,2019-11-20,6285.6172863396805
Nifty Midcap 150 TRI,2019-11-21,6240.4268608581
Nifty Midcap 150 TRI,2019-11-22,6244.106833125946
Nifty Midcap 150 TRI,2019-11-25,6305.384596453935
Nifty Midcap 150 TRI,2019-11-26,6258.72761356818
Nifty Midcap 150 TRI,2019-11-27,6304.131556426257
Nifty Midcap 150 TRI,2019-11-28,6356.945380717522
Nifty Midcap 150 TRI,2019-11-29,6371.312187959459
Nifty Midcap 150 TRI,2019-12-02,6338.066112577188
Nifty Midcap 150 TRI,2019-12-03,6280.112601869075
Nifty Midcap 150 TRI,2019-12-04,6317.713490897381
Nifty Midcap 150 TRI,2019-12-05,6304.008410545046
Nifty Midcap 150 TRI,2019-12-06,6223.974051624572
Nifty Midcap 150 TRI,2019-12-09,6226.297188158045
Nifty Midcap 150 TRI,2019-12-10,6157.796315574344
Nifty Midcap 150 TRI,2019-12-11,6192.829550199639
Nifty Midcap 150 TRI,2019-12-12,6237.0892242708915
Nifty Midcap 150 TRI,2019-12-13,6294.205642697249
Nifty Midcap 150 TRI,2019-12-16,6267.243546617755
Nifty Midcap 150 TRI,2019-12-17,6299.00762217535
Nifty Midcap 150 TRI,2019-12-18,6282.877778994509
Nifty Midcap 150 TRI,2019-12-19,6292.107057018782
Nifty Midcap 150 TRI,2019-12-20,6291.404189619067
Nifty Midcap 150 TRI,2019-12-23,6280.72402999603
Nifty Midcap 150 TRI,2019-12-24,6273.818781560987
Nifty Midcap 150 TRI,2019-12-26,6282.900448422709
Nifty Midcap 150 TRI,2019-12-27,6339.684958742745
Nifty Midcap 150 TRI,2019-12-30,6366.224022194454
Nifty Midcap 150 TRI,2019-12-31,6376.26522995413
Nifty Midcap 150 TRI,2020-01-01,6398.965564365208
Nifty Midcap 150 TRI,2020-01-02,6478.708618125394
Nifty Midcap 150 TRI,2020-01-03,6450.27019010665
Nifty Midcap 150 TRI,2020-01-06,6313.851101136618
Nifty Midcap 150 TRI,2020-01-07,6359.453646767619
Nifty Midcap 150 TRI,2020-01-08,6371.261615214081
Nifty Midcap 150 TRI,2020-01-09,6460.349704614738
Nifty Midcap 150 TRI,2020-01-10,6480.081135215514
Nifty Midcap 150 TRI,2020-01-13,6523.741709155917
Nifty Midcap 150 TRI,2020-01-14,6569.659709259054
Nifty Midcap 150 TRI,2020-01-15,6630.4122355148265
Nifty Midcap 150 TRI,2020-01-16,6685.668747974044
Nifty Midcap 150 TRI,2020-01-17,6716.155050711422
Nifty Midcap 150 TRI,2020-01-20,6687.232919156691
Nifty Midcap 150 TRI,2020-01-21,6680.131254547005
Nifty Midcap 150 TRI,2020-01-22,6666.771558209233
Nifty Midcap 150 TRI,2020-01-23,6751.356461528812
Nifty Midcap 150 TRI,2020-01-24,6804.759558649282
Nifty Midcap 150 TRI,2020-01-27,6795.015400330685
Nifty Midcap 150 TRI,2020-01-28,6783.928040317153
Nifty Midcap 150 TRI,2020-01-29,6802.566132955182
Nifty Midcap 150 TRI,2020-01-30,6753.979176687173
Nifty Midcap 150 TRI,2020-01-31,6724.468164104638
Nifty Midcap 150 TRI,2020-02-03,6621.894123831884
Nifty Midcap 150 TRI,2020-02-04,6693.833087725
Nifty Midcap 150 TRI,2020-02-05,6766.1792938700155
Nifty Midcap 150 TRI,2020-02-06,6804.557340721797
Nifty Midcap 150 TRI,2020-02-07,6857.323895563304
Nifty Midcap 150 TRI,2020-02-10,6811.434373104542
Nifty Midcap 150 TRI,2020-02-11,6816.599610851725
Nifty Midcap 150 TRI,2020-02-12,6805.558926935953
Nifty Midcap 150 TRI,2020-02-13,6797.849630868675
Nifty Midcap 150 TRI,2020-02-14,6755.657192774598
Nifty Midcap 150 TRI,2020-02-17,6695.866980221341
Nifty Midcap 150 TRI,2020-02-18,6657.606241074537
Nifty Midcap 150 TRI,2020-02-19,6753.758952236807
Nifty Midcap 150 TRI,2020-02-20,6804.874784521912
Nifty Midcap 150 TRI,2020-02-24,6686.815655942837
Nifty Midcap 150 TRI,2020-02-25,6657.385892678906
Nifty Midcap 150 TRI,2020-02-26,6581.037259062999
Nifty Midcap 150 TRI,2020-02-27,6534.532644231682
Nifty Midcap 150 TRI,2020-02-28,6339.439218567285
Nifty Midcap 150 TRI,2020-03-02,6297.932875160519
Nifty Midcap 150 TRI,2020-03-03,6406.7852836037555
Nifty Midcap 150 TRI,2020-03-04,6308.849302111147
Nifty Midcap 150 TRI,2020-03-05,6324.359671825268
Nifty Midcap 150 TRI,2020-03-06,6198.532982458326
Nifty Midcap 150 TRI,2020-03-09,5939.479110065992
Nifty Midcap 150 TRI,2020-03-11,5895.868192159386
Nifty Midcap 150 TRI,2020-03-12,5434.549556660259
Nifty Midcap 150 TRI,2020-03-13,5559.271796727058
Nifty Midcap 150 TRI,2020-03-16,5233.9874507661525
Nifty Midcap 150 TRI,2020-03-17,5107.088967130273
Nifty Midcap 150 TRI,2020-03-18,4832.74085902009
Nifty Midcap 150 TRI,2020-03-19,4638.8742844497565
Nifty Midcap 150 TRI,2020-03-20,4841.214488559215
Nifty Midcap 150 TRI,2020-03-23,4210.487867696491
Nifty Midcap 150 TRI,2020-03-24,4254.05245266962
Nifty Midcap 150 TRI,2020-03-25,4393.79219015234
Nifty Midcap 150 TRI,2020-03-26,4555.371672821819
Nifty Midcap 150 TRI,2020-03-27,4537.541679359473
Nifty Midcap 150 TRI,2020-03-30,4430.925063432829
Nifty Midcap 150 TRI,2020-03-31,4542.232916197163
Nifty Midcap 150 TRI,2020-04-01,4459.852660376267
Nifty Midcap 150 TRI,2020-04-03,4400.120800082945
Nifty Midcap 150 TRI,2020-04-07,4612.372790601955
Nifty Midcap 150 TRI,2020-04-08,4688.571198982661
Nifty Midcap 150 TRI,2020-04-09,4839.495355883491
Nifty Midcap 150 TRI,2020-04-13,4786.172931595957
Nifty Midcap 150 TRI,2020-04-15,4849.663203664369
Nifty Midcap 150 TRI,2020-04-16,4924.921434762602
Nifty Midcap 150 TRI,2020-04-17,5034.517971857153
Nifty Midcap 150 TRI,2020-04-20,5058.858801079892
Nifty Midcap 150 TRI,2020-04-21,4912.275792789898
Nifty Midcap 150 TRI,2020-04-22,4946.532635661278
Nifty Midcap 150 TRI,2020-04-23,5002.284935336628
Nifty Midcap 150 TRI,2020-04-24,4915.115671517874
Nifty Midcap 150 TRI,2020-04-27,4998.1733408933715
Nifty Midcap 150 TRI,2020-04-28,5054.844068661666
Nifty Midcap 150 TRI,2020-04-29,5117.081488381786
Nifty Midcap 150 TRI,2020-04-30,5209.570558748885
Nifty Midcap 150 TRI,2020-05-04,5008.440696327199
Nifty Midcap 150 TRI,2020-05-05,4975.933982877843
Nifty Midcap 150 TRI,2020-05-06,5001.958085785681
Nifty Midcap 150 TRI,2020-05-07,4977.999683834836
Nifty Midcap 150 TRI,2020-05-08,4960.3132410555145
Nifty Midcap 150 TRI,2020-05-11,4980.511995125514
Nifty Midcap 150 TRI,2020-05-12,4947.998993159958
Nifty Midcap 150 TRI,2020-05-13,5042.739408656595
Nifty Midcap 150 TRI,2020-05-14,5020.346263417784
Nifty Midcap 150 TRI,2020-05-15,5007.515289775239
Nifty Midcap 150 TRI,2020-05-18,4811.3357570786475
Nifty Midcap 150 TRI,2020-05-19,4824.45958844383
Nifty Midcap 150 TRI,2020-05-20,4892.846623968362
Nifty Midcap 150 TRI,2020-05-21,4933.200284426427
Nifty Midcap 150 TRI,2020-05-22,4908.117823588348
Nifty Midcap 150 TRI,2020-05-26,4964.072793672633
Nifty Midcap 150 TRI,2020-05-27,4981.10043946059
Nifty Midcap 150 TRI,2020-05-28,5052.592651952574
Nifty Midcap 150 TRI,2020-05-29,5116.192115185852
Nifty Midcap 150 TRI,2020-06-01,5264.587079557561
Nifty Midcap 150 TRI,2020-06-02,5335.234306357653
Nifty Midcap 150 TRI,2020-06-03,5371.814814712375
Nifty Midcap 150 TRI,2020-06-04,5359.391507235454
Nifty Midcap 150 TRI,2020-06-05,5453.182874188486
Nifty Midcap 150 TRI,2020-06-08,5478.089651051999
Nifty Midcap 150 TRI,2020-06-09,5452.1990180538005
Nifty Midcap 150 TRI,2020-06-10,5512.788980782052
Nifty Midcap 150 TRI,2020-06-11,5443.960030009453
Nifty Midcap 150 TRI,2020-06-12,5495.032856034735
Nifty Midcap 150 TRI,2020-06-15,5438.113861469716
Nifty Midcap 150 TRI,2020-06-16,5468.732528554274
Nifty Midcap 150 TRI,2020-06-17,5487.6041748693415
Nifty Midcap 150 TRI,2020-06-18,5554.334490955088
Nifty Midcap 150 TRI,2020-06-19,5624.9173458089845
Nifty Midcap 150 TRI,2020-06-22,5712.64831326147
Nifty Midcap 150 TRI,2020-06-23,5804.666532267405
Nifty Midcap 150 TRI,2020-06-24,5741.698508835578
Nifty Midcap 150 TRI,2020-06-25,5796.543317720246
Nifty Midcap 150 TRI,2020-06-26,5801.244286420133
Nifty Midcap 150 TRI,2020-06-29,5716.719694474907
Nifty Midcap 150 TRI,2020-06-30,5700.244195413156
Nifty Midcap 150 TRI,2020-07-01,5714.720501393894
Nifty Midcap 150 TRI,2020-07-02,5776.565094646882
Nifty Midcap 150 TRI,2020-07-03,5815.311155528747
Nifty Midcap 150 TRI,2020-07-06,5907.545085419383
Nifty Midcap 150 TRI,2020-07-07,5937.684308917725
Nifty Midcap 150 TRI,2020-07-08,5903.88242426655
Nifty Midcap 150 TRI,2020-07-09,5913.857276229873
Nifty Midcap 150 TRI,2020-07-10,5874.479391316213
Nifty Midcap 150 TRI,2020-07-13,5863.256655119346
Nifty Midcap 150 TRI,2020-07-14,5799.245590255393
Nifty Midcap 150 TRI,2020-07-15,5779.47152206087
Nifty Midcap 150 TRI,2020-07-16,5802.469333358434
Nifty Midcap 150 TRI,2020-07-17,5869.91349527054
Nifty Midcap 150 TRI,2020-07-20,5924.931054968902
Nifty Midcap 150 TRI,2020-07-21,5933.489765672355
Nifty Midcap 150 TRI,2020-07-22,5931.810843051512
Nifty Midcap 150 TRI,2020-07-23,5973.417909109026
Nifty Midcap 150 TRI,2020-07-24,5960.23363295212
Nifty Midcap 150 TRI,2020-07-27,5893.201465135133
Nifty Midcap 150 TRI,2020-07-28,5936.587414010698
Nifty Midcap 150 TRI,2020-07-29,5962.6880150381585
Nifty Midcap 150 TRI,2020-07-30,5918.171903410263
Nifty Midcap 150 TRI,2020-07-31,5948.431038584723
Nifty Midcap 150 TRI,2020-08-03,5952.62033237626
Nifty Midcap 150 TRI,2020-08-04,6012.695674295082
Nifty Midcap 150 TRI,2020-08-05,6043.923877788036
Nifty Midcap 150 TRI,2020-08-06,6111.508496805784
Nifty Midcap 150 TRI,2020-08-07,6188.7304296133025
Nifty Midcap 150 TRI,2020-08-10,6264.133690985062
Nifty Midcap 150 TRI,2020-08-11,6241.721294768224
Nifty Midcap 150 TRI,2020-08-12,6244.257947917167
Nifty Midcap 150 TRI,2020-08-13,6335.288444683585
Nifty Midcap 150 TRI,2020-08-14,6287.8232293824885
Nifty Midcap 150 TRI,2020-08-17,6315.065323411146
Nifty Midcap 150 TRI,2020-08-18,6395.964417695416
Nifty Midcap 150 TRI,2020-08-19,6440.349428680578
Nifty Midcap 150 TRI,2020-08-20,6491.736073615416
Nifty Midcap 150 TRI,2020-08-21,6539.929805489122
Nifty Midcap 150 TRI,2020-08-24,6598.949593272172
Nifty Midcap 150 TRI,2020-08-25,6621.431643164476
Nifty Midcap 150 TRI,2020-08-26,6655.429858304238
Nifty Midcap 150 TRI,2020-08-27,6666.348012682683
Nifty Midcap 150 TRI,2020-08-28,6706.0820341016015
Nifty Midcap 150 TRI,2020-08-31,6455.588763300135
Nifty Midcap 150 TRI,2020-09-01,6504.910870961787
Nifty Midcap 150 TRI,2020-09-02,6602.68982300224
Nifty Midcap 150 TRI,2020-09-03,6659.120896985796
Nifty Midcap 150 TRI,2020-09-04,6555.47018182309
Nifty Midcap 150 TRI,2020-09-07,6510.079991196167
Nifty Midcap 150 TRI,2020-09-08,6431.229484541339
Nifty Midcap 150 TRI,2020-09-09,6392.41416157289
Nifty Midcap 150 TRI,2020-09-10,6465.241604893338
Nifty Midcap 150 TRI,2020-09-11,6504.019858999606
Nifty Midcap 150 TRI,2020-09-14,6681.929759567408
Nifty Midcap 150 TRI,2020-09-15,6762.538451559613
Nifty Midcap 150 TRI,2020-09-16,6784.173628211497
Nifty Midcap 150 TRI,2020-09-17,6757.083819925185
Nifty Midcap 150 TRI,2020-09-18,6746.89533557916
Nifty Midcap 150 TRI,2020-09-21,6517.493855613222
Nifty Midcap 150 TRI,2020-09-22,6409.0219420811245
Nifty Midcap 150 TRI,2020-09-23,6385.421817196176
Nifty Midcap 150 TRI,2020-09-24,6250.89898297867
Nifty Midcap 150 TRI,2020-09-25,6406.549264048854
Nifty Midcap 150 TRI,2020-09-28,6581.3140302264055
Nifty Midcap 150 TRI,2020-09-29,6573.809216214423
Nifty Midcap 150 TRI,2020-09-30,6581.58634898605
Nifty Midcap 150 TRI,2020-10-01,6631.150538430553
Nifty Midcap 150 TRI,2020-10-05,6626.621702747197
Nifty Midcap 150 TRI,2020-10-06,6663.041345600477
Nifty Midcap 150 TRI,2020-10-07,6627.048480133199
Nifty Midcap 150 TRI,2020-10-08,6619.949255718715
Nifty Midcap 150 TRI,2020-10-09,6604.3687030824
Nifty Midcap 150 TRI,2020-10-12,6571.537893098842
Nifty Midcap 150 TRI,2020-10-13,6540.819681744192
Nifty Midcap 150 TRI,2020-10-14,6530.720469376849
Nifty Midcap 150 TRI,2020-10-15,6431.8378948975205
Nifty Midcap 150 TRI,2020-10-16,6497.36560873497
Nifty Midcap 150 TRI,2020-10-19,6537.007410785258
Nifty Midcap 150 TRI,2020-10-20,6571.253120194676
Nifty Midcap 150 TRI,2020-10-21,6583.656592703358
Nifty Midcap 150 TRI,2020-10-22,6628.979395635457
Nifty Midcap 150 TRI,2020-10-23,6673.999313727024
Nifty Midcap 150 TRI,2020-10-26,6577.757799270234
Nifty Midcap 150 TRI,2020-10-27,6652.197805353105
Nifty Midcap 150 TRI,2020-10-28,6598.098819085118
Nifty Midcap 150 TRI,2020-10-29,6573.923150660037
Nifty Midcap 150 TRI,2020-10-30,6599.896219924813
Nifty Midcap 150 TRI,2020-11-02,6613.1359478345075
Nifty Midcap 150 TRI,2020-11-03,6662.537957494735
Nifty Midcap 150 TRI,2020-11-04,6695.884203824392
Nifty Midcap 150 TRI,2020-11-05,6813.334778852902
Nifty Midcap 150 TRI,2020-11-06,6858.933929342773
Nifty Midcap 150 TRI,2020-11-09,6915.749743672792
Nifty Midcap 150 TRI,2020-11-10,6929.387638849967
Nifty Midcap 150 TRI,2020-11-11,6947.346308607209
Nifty Midcap 150 TRI,2020-11-12,6984.162127272153
Nifty Midcap 150 TRI,2020-11-13,7049.951812731657
Nifty Midcap 150 TRI,2020-11-17,7179.910040971659
Nifty Midcap 150 TRI,2020-11-18,7283.074737920061
Nifty Midcap 150 TRI,2020-11-19,7250.770261348585
Nifty Midcap 150 TRI,2020-11-20,7315.153949081568
Nifty Midcap 150 TRI,2020-11-23,7401.763953313573
Nifty Midcap 150 TRI,2020-11-24,7463.4631700500295
Nifty Midcap 150 TRI,2020-11-25,7349.301774860438
Nifty Midcap 150 TRI,2020-11-26,7400.935804369334
Nifty Midcap 150 TRI,2020-11-27,7581.565646954202
Nifty Midcap 150 TRI,2020-12-01,7649.125887327386
Nifty Midcap 150 TRI,2020-12-02,7695.587943265156
Nifty Midcap 150 TRI,2020-12-03,7727.305120036356
Nifty Midcap 150 TRI,2020-12-04,7756.074444427494
Nifty Midcap 150 TRI,2020-12-07,7838.72903770548
Nifty Midcap 150 TRI,2020-12-08,7833.784321714615
Nifty Midcap 150 TRI,2020-12-09,7878.2244644430075
Nifty Midcap 150 TRI,2020-12-10,7820.538017936297
Nifty Midcap 150 TRI,2020-12-11,7837.921197843171
Nifty Midcap 150 TRI,2020-12-14,7883.311247405038
Nifty Midcap 150 TRI,2020-12-15,7906.1405467210825
Nifty Midcap 150 TRI,2020-12-16,7995.201814523191
Nifty Midcap 150 TRI,2020-12-17,7979.729670796804
Nifty Midcap 150 TRI,2020-12-18,7968.174424026007
Nifty Midcap 150 TRI,2020-12-21,7623.11782802643
Nifty Midcap 150 TRI,2020-12-22,7670.568796181905
Nifty Midcap 150 TRI,2020-12-23,7847.148347529404
Nifty Midcap 150 TRI,2020-12-24,7869.472973133197
Nifty Midcap 150 TRI,2020-12-28,7951.913115681232
Nifty Midcap 150 TRI,2020-12-29,7945.086192903824
Nifty Midcap 150 TRI,2020-12-30,7971.996213937557
Nifty Midcap 150 TRI,2020-12-31,8002.418468748288
Nifty Midcap 150 TRI,2021-01-01,8094.620980710707
Nifty Midcap 150 TRI,2021-01-04,8212.014269524003
Nifty Midcap 150 TRI,2021-01-05,8276.443333385694
Nifty Midcap 150 TRI,2021-01-06,8306.623529269986
Nifty Midcap 150 TRI,2021-01-07,8412.079989184402
Nifty Midcap 150 TRI,2021-01-08,8498.912950884189
Nifty Midcap 150 TRI,2021-01-11,8482.84351198935
Nifty Midcap 150 TRI,2021-01-12,8523.009811317295
Nifty Midcap 150 TRI,2021-01-13,8478.77979874007
Nifty Midcap 150 TRI,2021-01-14,8485.962326373083
Nifty Midcap 150 TRI,2021-01-15,8396.26983770506
Nifty Midcap 150 TRI,2021-01-18,8239.170193526234
Nifty Midcap 150 TRI,2021-01-19,8416.74614467919
Nifty Midcap 150 TRI,2021-01-20,8493.829986108301
Nifty Midcap 150 TRI,2021-01-21,8405.804998145228
Nifty Midcap 150 TRI,2021-01-22,8300.312552981693
Nifty Midcap 150 TRI,2021-01-25,8212.426808332615
Nifty Midcap 150 TRI,2021-01-27,8095.304365684251
Nifty Midcap 150 TRI,2021-01-28,8046.465009461874
Nifty Midcap 150 TRI,2021-01-29,8028.991872957897
Nifty Midcap 150 TRI,2021-02-01,8268.583803101845
Nifty Midcap 150 TRI,2021-02-02,8459.30960337825
Nifty Midcap 150 TRI,2021-02-03,8576.757778548754
Nifty Midcap 150 TRI,2021-02-04,8684.687034896202
Nifty Midcap 150 TRI,2021-02-05,8605.852777611683
Nifty Midcap 150 TRI,2021-02-08,8736.62734587985
Nifty Midcap 150 TRI,2021-02-09,8740.661948122473
Nifty Midcap 150 TRI,2021-02-10,8802.00244394389
Nifty Midcap 150 TRI,2021-02-11,8817.958914481824
Nifty Midcap 150 TRI,2021-02-12,8808.700417102216
Nifty Midcap 150 TRI,2021-02-15,8914.090683812823
Nifty Midcap 150 TRI,2021-02-16,8960.67012073531
Nifty Midcap 150 TRI,2021-02-17,8987.02621768607
Nifty Midcap 150 TRI,2021-02-18,9024.64299927725
Nifty Midcap 150 TRI,2021-02-19,8903.604218396678
Nifty Midcap 150 TRI,2021-02-22,8796.645297741883
Nifty Midcap 150 TRI,2021-02-23,8882.26087595566
Nifty Midcap 150 TRI,2021-02-24,8968.492717210165
Nifty Midcap 150 TRI,2021-02-25,9096.105589333607
Nifty Midcap 150 TRI,2021-02-26,8985.035384572864
Nifty Midcap 150 TRI,2021-03-01,9122.377706480293
Nifty Midcap 150 TRI,2021-03-02,9266.164978420746
Nifty Midcap 150 TRI,2021-03-03,9413.884174418488
Nifty Midcap 150 TRI,2021-03-04,9460.54483802372
Nifty Midcap 150 TRI,2021-03-05,9276.785506612741
Nifty Midcap 150 TRI,2021-03-08,9311.772035872855
Nifty Midcap 150 TRI,2021-03-09,9277.491717898065
Nifty Midcap 150 TRI,2021-03-10,9347.756952261007
Nifty Midcap 150 TRI,2021-03-12,9322.880948138793
Nifty Midcap 150 TRI,2021-03-15,9259.893271440451
Nifty Midcap 150 TRI,2021-03-16,9288.00657904154
Nifty Midcap 150 TRI,2021-03-17,9082.419865245563
Nifty Midcap 150 TRI,2021-03-18,8955.846340124572
Nifty Midcap 150 TRI,2021-03-19,9031.727460511305
Nifty Midcap 150 TRI,2021-03-22,9105.50971634325
Nifty Midcap 150 TRI,2021-03-23,9169.265995576347
Nifty Midcap 150 TRI,2021-03-24,9003.413933588747
Nifty Midcap 150 TRI,2021-03-25,8841.887066746423
Nifty Midcap 150 TRI,2021-03-26,8977.134913562171
Nifty Midcap 150 TRI,2021-03-30,9132.846794847292
Nifty Midcap 150 TRI,2021-03-31,9168.618194541079
Nifty Midcap 150 TRI,2021-04-01,9312.410686539344
Nifty Midcap 150 TRI,2021-04-05,9185.757876609916
Nifty Midcap 150 TRI,2021-04-06,9244.539841887245
Nifty Midcap 150 TRI,2021-04-07,9356.83172447654
Nifty Midcap 150 TRI,2021-04-08,9413.274513462637
Nifty Midcap 150 TRI,2021-04-09,9427.584244261336
Nifty Midcap 150 TRI,2021-04-12,8940.118387176499
Nifty Midcap 150 TRI,2021-04-13,9067.928339724247
Nifty Midcap 150 TRI,2021-04-15,9071.383518000897
Nifty Midcap 150 TRI,2021-04-16,9165.27798946066
Nifty Midcap 150 TRI,2021-04-19,8989.15627772611
Nifty Midcap 150 TRI,2021-04-20,9009.328240231353
Nifty Midcap 150 TRI,2021-04-22,9045.795257264548
Nifty Midcap 150 TRI,2021-04-23,9075.7661440361
Nifty Midcap 150 TRI,2021-04-26,9148.18614037461
Nifty Midcap 150 TRI,2021-04-27,9280.790535678532
Nifty Midcap 150 TRI,2021-04-28,9379.46434827002
Nifty Midcap 150 TRI,2021-04-29,9358.259330944742
Nifty Midcap 150 TRI,2021-04-30,9318.067824139946
Nifty Midcap 150 TRI,2021-05-03,9356.728256438539
Nifty Midcap 150 TRI,2021-05-04,9328.322301833769
Nifty Midcap 150 TRI,2021-05-05,9407.107232873537
Nifty Midcap 150 TRI,2021-05-06,9473.951359123703
Nifty Midcap 150 TRI,2021-05-07,9443.148407662498
Nifty Midcap 150 TRI,2021-05-10,9503.622402948928
Nifty Midcap 150 TRI,2021-05-11,9581.299477276267
Nifty Midcap 150 TRI,2021-05-12,9520.170124723123
Nifty Midcap 150 TRI,2021-05-14,9382.176148735261
Nifty Midcap 150 TRI,2021-05-17,9538.339747429445
Nifty Midcap 150 TRI,2021-05-18,9696.093060518835
Nifty Midcap 150 TRI,2021-05-19,9696.484494739863
Nifty Midcap 150 TRI,2021-05-20,9683.446170158664
Nifty Midcap 150 TRI,2021-05-21,9754.661988742539
Nifty Midcap 150 TRI,2021-05-24,9826.720445462695
Nifty Midcap 150 TRI,2021-05-25,9821.49756958842
Nifty Midcap 150 TRI,2021-05-26,9837.314778526974
Nifty Midcap 150 TRI,2021-05-27,9890.465476987212
Nifty Midcap 150 TRI,2021-05-28,9882.94551023362
Nifty Midcap 150 TRI,2021-05-31,9924.022904234953
Nifty Midcap 150 TRI,2021-06-01,9905.418628709116
Nifty Midcap 150 TRI,2021-06-02,10033.868755894973
Nifty Midcap 150 TRI,2021-06-03,10121.512223482296
Nifty Midcap 150 TRI,2021-06-04,10189.64742374379
Nifty Midcap 150 TRI,2021-06-07,10317.036757143656
Nifty Midcap 150 TRI,2021-06-08,10383.343518885877
Nifty Midcap 150 TRI,2021-06-09,10308.347215941472
Nifty Midcap 150 TRI,2021-06-10,10459.822244533485
Nifty Midcap 150 TRI,2021-06-11,10486.083749557654
Nifty Midcap 150 TRI,2021-06-14,10457.27208026055
Nifty Midcap 150 TRI,2021-06-15,10517.462245352766
Nifty Midcap 150 TRI,2021-06-16,10424.368095519858
Nifty Midcap 150 TRI,2021-06-17,10317.574885713431
Nifty Midcap 150 TRI,2021-06-18,10224.215759479319
Nifty Midcap 150 TRI,2021-06-21,10289.765386524103
Nifty Midcap 150 TRI,2021-06-22,10307.035702601454
Nifty Midcap 150 TRI,2021-06-23,10294.205896943422
Nifty Midcap 150 TRI,2021-06-24,10269.416425137902
Nifty Midcap 150 TRI,2021-06-25,10361.814327914024
Nifty Midcap 150 TRI,2021-06-28,10414.148224895212
Nifty Midcap 150 TRI,2021-06-29,10370.293305374016
Nifty Midcap 150 TRI,2021-06-30,10408.832010287297
Nifty Midcap 150 TRI,2021-07-01,10387.00611295915
Nifty Midcap 150 TRI,2021-07-02,10452.383082295342
Nifty Midcap 150 TRI,2021-07-05,10496.501397070939
Nifty Midcap 150 TRI,2021-07-06,10505.85884999381
Nifty Midcap 150 TRI,2021-07-07,10555.346852914274
Nifty Midcap 150 TRI,2021-07-08,10512.866595769701
Nifty Midcap 150 TRI,2021-07-09,10561.74408627168
Nifty Midcap 150 TRI,2021-07-12,10605.77703428322
Nifty Midcap 150 TRI,2021-07-13,10636.254796492962
Nifty Midcap 150 TRI,2021-07-14,10671.949029935538
Nifty Midcap 150 TRI,2021-07-15,10709.486575274046
Nifty Midcap 150 TRI,2021-07-16,10739.151165887713
Nifty Midcap 150 TRI,2021-07-19,10671.826798194103
Nifty Midcap 150 TRI,2021-07-20,10527.212192023759
Nifty Midcap 150 TRI,2021-07-22,10642.18314937683
Nifty Midcap 150 TRI,2021-07-23,10656.559335695738
Nifty Midcap 150 TRI,2021-07-26,10662.10059525889
Nifty Midcap 150 TRI,2021-07-27,10614.283492392393
Nifty Midcap 150 TRI,2021-07-28,10572.805683783252
Nifty Midcap 150 TRI,2021-07-29,10650.813060076616
Nifty Midcap 150 TRI,2021-07-30,10748.057932539194
Nifty Midcap 150 TRI,2021-08-02,10890.804135574603
Nifty Midcap 150 TRI,2021-08-03,10912.812716401297
Nifty Midcap 150 TRI,2021-08-04,10806.212113749722
Nifty Midcap 150 TRI,2021-08-05,10809.2399728779
Nifty Midcap 150 TRI,2021-08-06,10812.574734513124
Nifty Midcap 150 TRI,2021-08-09,10742.764409904454
Nifty Midcap 150 TRI,2021-08-10,10621.510895209267
Nifty Midcap 150 TRI,2021-08-11,10577.409644708705
Nifty Midcap 150 TRI,2021-08-12,10686.962869146222
Nifty Midcap 150 TRI,2021-08-13,10673.973099194223
Nifty Midcap 150 TRI,2021-08-16,10638.528037892182
Nifty Midcap 150 TRI,2021-08-17,10677.06745367302
Nifty Midcap 150 TRI,2021-08-18,10697.287663818526
Nifty Midcap 150 TRI,2021-08-20,10498.321720157235
Nifty Midcap 150 TRI,2021-08-23,10419.507273117717
Nifty Midcap 150 TRI,2021-08-24,10548.12934484971
Nifty Midcap 150 TRI,2021-08-25,10591.740462123305
Nifty Midcap 150 TRI,2021-08-26,10610.836822653295
Nifty Midcap 150 TRI,2021-08-27,10711.88235923065
Nifty Midcap 150 TRI,2021-08-30,10909.240976078381
Nifty Midcap 150 TRI,2021-08-31,10981.586527486521
Nifty Midcap 150 TRI,2021-09-01,11048.201440486075
Nifty Midcap 150 TRI,2021-09-02,11137.703908916963
Nifty Midcap 150 TRI,2021-09-03,11181.800017814281
Nifty Midcap 150 TRI,2021-09-06,11234.17989367944
Nifty Midcap 150 TRI,2021-09-07,11211.569375588737
Nifty Midcap 150 TRI,2021-09-08,11254.239630299417
Nifty Midcap 150 TRI,2021-09-09,11292.25172257602
Nifty Midcap 150 TRI,2021-09-13,11350.456446756052
Nifty Midcap 150 TRI,2021-09-14,11490.433482942522
Nifty Midcap 150 TRI,2021-09-15,11603.172913793256
Nifty Midcap 150 TRI,2021-09-16,11648.318648754519
Nifty Midcap 150 TRI,2021-09-17,11495.734222391253
Nifty Midcap 150 TRI,2021-09-20,11279.72914305097
Nifty Midcap 150 TRI,2021-09-21,11336.704561197372
Nifty Midcap 150 TRI,2021-09-22,11498.987972055036
Nifty Midcap 150 TRI,2021-09-23,11648.11611462607
Nifty Midcap 150 TRI,2021-09-24,11569.060422354563
Nifty Midcap 150 TRI,2021-09-27,11558.795334487857
Nifty Midcap 150 TRI,2021-09-28,11484.031900226757
Nifty Midcap 150 TRI,2021-09-29,11582.209860253619
Nifty Midcap 150 TRI,2021-09-30,11640.639032495648
Nifty Midcap 150 TRI,2021-10-01,11652.093208467151
Nifty Midcap 150 TRI,2021-10-04,11832.270249854559
Nifty Midcap 150 TRI,2021-10-05,11885.743254351517
Nifty Midcap 150 TRI,2021-10-06,11785.5078902955
Nifty Midcap 150 TRI,2021-10-07,12002.431316204136
Nifty Midcap 150 TRI,2021-10-08,12062.009070042446
Nifty Midcap 150 TRI,2021-10-11,12130.179150213964
Nifty Midcap 150 TRI,2021-10-12,12170.498234878309
Nifty Midcap 150 TRI,2021-10-13,12321.048074966744
Nifty Midcap 150 TRI,2021-10-14,12398.016209064954
Nifty Midcap 150 TRI,2021-10-18,12524.747508583936
Nifty Midcap 150 TRI,2021-10-19,12280.117448640964
Nifty Midcap 150 TRI,2021-10-20,12030.194788943254
Nifty Midcap 150 TRI,2021-10-21,11961.294949542966
Nifty Midcap 150 TRI,2021-10-22,11870.966991265299
Nifty Midcap 150 TRI,2021-10-25,11680.895084841606
Nifty Midcap 150 TRI,2021-10-26,11878.436449603729
Nifty Midcap 150 TRI,2021-10-27,11891.799917252118
Nifty Midcap 150 TRI,2021-10-28,11695.80035138322
Nifty Midcap 150 TRI,2021-10-29,11679.169617471434
Nifty Midcap 150 TRI,2021-11-01,11873.417723873363
Nifty Midcap 150 TRI,2021-11-02,11980.557134455372
Nifty Midcap 150 TRI,2021-11-03,11950.753840450008
Nifty Midcap 150 TRI,2021-11-04,12058.87477996253
Nifty Midcap 150 TRI,2021-11-08,12195.329246408382
Nifty Midcap 150 TRI,2021-11-09,12318.135123287911
Nifty Midcap 150 TRI,2021-11-10,12271.464402527981
Nifty Midcap 150 TRI,2021-11-11,12192.073113756776
Nifty Midcap 150 TRI,2021-11-12,12250.835026589475
Nifty Midcap 150 TRI,2021-11-15,12293.946183763504
Nifty Midcap 150 TRI,2021-11-16,12268.962270911274
Nifty Midcap 150 TRI,2021-11-17,12215.665734521099
Nifty Midcap 150 TRI,2021-11-18,12036.242458754175
Nifty Midcap 150 TRI,2021-11-22,11702.205691394205
Nifty Midcap 150 TRI,2021-11-23,11881.366086222166
Nifty Midcap 150 TRI,2021-11-24,11847.440987999542
Nifty Midcap 150 TRI,2021-11-25,11902.263429248685
Nifty Midcap 150 TRI,2021-11-26,11550.375399991604
Nifty Midcap 150 TRI,2021-11-29,11429.274860526277
Nifty Midcap 150 TRI,2021-11-30,11516.671936002549
Nifty Midcap 150 TRI,2021-12-01,11611.410607678146
Nifty Midcap 150 TRI,2021-12-02,11747.509254157541
Nifty Midcap 150 TRI,2021-12-03,11726.144172070275
Nifty Midcap 150 TRI,2021-12-06,11575.941336233083
Nifty Midcap 150 TRI,2021-12-07,11714.928188986627
Nifty Midcap 150 TRI,2021-12-08,11890.562612301888
Nifty Midcap 150 TRI,2021-12-09,11958.849538130127
Nifty Midcap 150 TRI,2021-12-10,12038.377739694166
Nifty Midcap 150 TRI,2021-12-13,12035.414527292349
Nifty Midcap 150 TRI,2021-12-14,12003.530357663685
Nifty Midcap 150 TRI,2021-12-15,11938.540174040209
Nifty Midcap 150 TRI,2021-12-16,11865.333636052932
Nifty Midcap 150 TRI,2021-12-17,11626.286405628924
Nifty Midcap 150 TRI,2021-12-20,11232.816591299874
Nifty Midcap 150 TRI,2021-12-21,11378.413601127866
Nifty Midcap 150 TRI,2021-12-22,11547.169971915555
Nifty Midcap 150 TRI,2021-12-23,11645.451547384699
Nifty Midcap 150 TRI,2021-12-24,11532.38682071034
Nifty Midcap 150 TRI,2021-12-27,11571.021447783587
Nifty Midcap 150 TRI,2021-12-28,11702.1739243708
Nifty Midcap 150 TRI,2021-12-29,11719.096108058435
Nifty Midcap 150 TRI,2021-12-30,11701.875617111516
Nifty Midcap 150 TRI,2021-12-31,11854.040182415407
Nifty Midcap 150 TRI,2022-01-03,11988.316746853752
Nifty Midcap 150 TRI,2022-01-04,12018.03372205412
Nifty Midcap 150 TRI,2022-01-05,12021.358452483144
Nifty Midcap 150 TRI,2022-01-06,12015.131988738332
Nifty Midcap 150 TRI,2022-01-07,12059.84766419965
Nifty Midcap 150 TRI,2022-01-10,12141.315255126176
Nifty Midcap 150 TRI,2022-01-11,12161.026085481424
Nifty Midcap 150 TRI,2022-01-12,12305.902752626307
Nifty Midcap 150 TRI,2022-01-13,12367.684633448369
Nifty Midcap 150 TRI,2022-01-14,12364.083669204907
Nifty Midcap 150 TRI,2022-01-17,12403.056808858077
Nifty Midcap 150 TRI,2022-01-18,12172.771970697942
Nifty Midcap 150 TRI,2022-01-19,12154.474469614519
Nifty Midcap 150 TRI,2022-01-20,12124.567633554707
Nifty Midcap 150 TRI,2022-01-21,11868.4709916663
Nifty Midcap 150 TRI,2022-01-24,11431.011464124842
Nifty Midcap 150 TRI,2022-01-25,11530.08902208722
Nifty Midcap 150 TRI,2022-01-27,11401.1287479965
Nifty Midcap 150 TRI,2022-01-28,11552.670766275076
Nifty Midcap 150 TRI,2022-01-31,11729.563103456556
Nifty Midcap 150 TRI,2022-02-01,11850.7595774498
Nifty Midcap 150 TRI,2022-02-02,11985.066537823466
Nifty Midcap 150 TRI,2022-02-03,11868.093191874721
Nifty Midcap 150 TRI,2022-02-04,11777.68279802722
Nifty Midcap 150 TRI,2022-02-07,11673.914128742288
Nifty Midcap 150 TRI,2022-02-08,11582.308611361472
Nifty Midcap 150 TRI,2022-02-09,11711.954228088813
Nifty Midcap 150 TRI,2022-02-10,11738.91653140713
Nifty Midcap 150 TRI,2022-02-11,11510.17613529044
Nifty Midcap 150 TRI,2022-02-14,11070.357114983202
Nifty Midcap 150 TRI,2022-02-15,11355.349185548024
Nifty Midcap 150 TRI,2022-02-16,11337.018855317283
Nifty Midcap 150 TRI,2022-02-17,11306.248928060633
Nifty Midcap 150 TRI,2022-02-18,11210.086659265871
Nifty Midcap 150 TRI,2022-02-21,11082.43786409624
Nifty Midcap 150 TRI,2022-02-22,10977.932354046648
Nifty Midcap 150 TRI,2022-02-23,11019.84611920389
Nifty Midcap 150 TRI,2022-02-24,10425.151895304849
Nifty Midcap 150 TRI,2022-02-25,10829.584255052854
Nifty Midcap 150 TRI,2022-02-28,10922.472888123246
Nifty Midcap 150 TRI,2022-03-02,10897.143223810517
Nifty Midcap 150 TRI,2022-03-03,10868.56242855069
Nifty Midcap 150 TRI,2022-03-04,10646.316602601182
Nifty Midcap 150 TRI,2022-03-07,10413.204887493315
Nifty Midcap 150 TRI,2022-03-08,10524.084601628805
Nifty Midcap 150 TRI,2022-03-09,10738.036839695855
Nifty Midcap 150 TRI,2022-03-10,10849.702431859727
Nifty Midcap 150 TRI,2022-03-11,10908.602324809226
Nifty Midcap 150 TRI,2022-03-14,10924.73272366246
Nifty Midcap 150 TRI,2022-03-15,10837.247426002037
Nifty Midcap 150 TRI,2022-03-16,11048.980508173623
Nifty Midcap 150 TRI,2022-03-17,11183.717679531626
Nifty Midcap 150 TRI,2022-03-21,11170.924753424513
Nifty Midcap 150 TRI,2022-03-22,11186.118410695119
Nifty Midcap 150 TRI,2022-03-23,11225.390989212092
Nifty Midcap 150 TRI,2022-03-24,11284.266545695651
Nifty Midcap 150 TRI,2022-03-25,11261.185509890429
Nifty Midcap 150 TRI,2022-03-28,11243.850404128343
Nifty Midcap 150 TRI,2022-03-29,11312.51121249346
Nifty Midcap 150 TRI,2022-03-30,11415.033541117913
Nifty Midcap 150 TRI,2022-03-31,11455.759619655395
Nifty Midcap 150 TRI,2022-04-01,11601.877370344271
Nifty Midcap 150 TRI,2022-04-04,11774.824996182982
Nifty Midcap 150 TRI,2022-04-05,11949.11565031201
Nifty Midcap 150 TRI,2022-04-06,12002.573469240793
Nifty Midcap 150 TRI,2022-04-07,11897.154105534513
Nifty Midcap 150 TRI,2022-04-08,12009.492356080153
Nifty Midcap 150 TRI,2022-04-11,12093.813477826861
Nifty Midcap 150 TRI,2022-04-12,11877.664095990094
Nifty Midcap 150 TRI,2022-04-13,11867.403138237067
Nifty Midcap 150 TRI,2022-04-18,11733.463568660181
Nifty Midcap 150 TRI,2022-04-19,11591.917564194668
Nifty Midcap 150 TRI,2022-04-20,11665.9773159879
Nifty Midcap 150 TRI,2022-04-21,11786.99549137526
Nifty Midcap 150 TRI,2022-04-22,11689.564574041904
Nifty Midcap 150 TRI,2022-04-25,11478.388989532445
Nifty Midcap 150 TRI,2022-04-26,11644.52344183075
Nifty Midcap 150 TRI,2022-04-27,11548.106892036176
Nifty Midcap 150 TRI,2022-04-28,11616.413156046121
Nifty Midcap 150 TRI,2022-04-29,11536.880917708835
Nifty Midcap 150 TRI,2022-05-02,11478.970083812867
Nifty Midcap 150 TRI,2022-05-04,11244.120098935711
Nifty Midcap 150 TRI,2022-05-05,11247.02336004125
Nifty Midcap 150 TRI,2022-05-06,11054.056361950677
Nifty Midcap 150 TRI,2022-05-09,10864.291755731176
Nifty Midcap 150 TRI,2022-05-10,10666.24914172535
Nifty Midcap 150 TRI,2022-05-11,10593.675272318325
Nifty Midcap 150 TRI,2022-05-12,10366.61598136221
Nifty Midcap 150 TRI,2022-05-13,10469.27683433154
Nifty Midcap 150 TRI,2022-05-16,10603.423587516794
Nifty Midcap 150 TRI,2022-05-17,10871.318193684725
Nifty Midcap 150 TRI,2022-05-18,10858.344901702858
Nifty Midcap 150 TRI,2022-05-19,10563.502949405633
Nifty Midcap 150 TRI,2022-05-20,10778.864342551862
Nifty Midcap 150 TRI,2022-05-23,10736.582659834381
Nifty Midcap 150 TRI,2022-05-24,10670.376779303217
Nifty Midcap 150 TRI,2022-05-25,10427.839847884043
Nifty Midcap 150 TRI,2022-05-26,10551.86810685351
Nifty Midcap 150 TRI,2022-05-27,10684.508616495392
Nifty Midcap 150 TRI,2022-05-30,10937.348209956726
Nifty Midcap 150 TRI,2022-05-31,10942.30603162881
Nifty Midcap 150 TRI,2022-06-01,10982.670385096875
Nifty Midcap 150 TRI,2022-06-02,11040.198239923024
Nifty Midcap 150 TRI,2022-06-03,10873.584741894827
Nifty Midcap 150 TRI,2022-06-06,10852.789265230263
Nifty Midcap 150 TRI,2022-06-07,10778.263973819936
Nifty Midcap 150 TRI,2022-06-08,10733.941498905413
Nifty Midcap 150 TRI,2022-06-09,10778.53504388288
Nifty Midcap 150 TRI,2022-06-10,10702.456992123318
Nifty Midcap 150 TRI,2022-06-13,10413.574631573852
Nifty Midcap 150 TRI,2022-06-14,10388.724124434224
Nifty Midcap 150 TRI,2022-06-15,10423.933233436082
Nifty Midcap 150 TRI,2022-06-16,10192.084866586292
Nifty Midcap 150 TRI,2022-06-17,10076.538290269356
Nifty Midcap 150 TRI,2022-06-20,9879.38951628968
Nifty Midcap 150 TRI,2022-06-21,10184.827301400856
Nifty Midcap 150 TRI,2022-06-22,10037.24578291482
Nifty Midcap 150 TRI,2022-06-23,10153.099184719074
Nifty Midcap 150 TRI,2022-06-24,10293.349268730903
Nifty Midcap 150 TRI,2022-06-27,10400.288699472398
Nifty Midcap 150 TRI,2022-06-28,10441.182030195243
Nifty Midcap 150 TRI,2022-06-29,10418.230724686646
Nifty Midcap 150 TRI,2022-06-30,10358.815328471963
Nifty Midcap 150 TRI,2022-07-01,10395.120290898214
Nifty Midcap 150 TRI,2022-07-04,10463.659534443334
Nifty Midcap 150 TRI,2022-07-05,10451.433331192422
Nifty Midcap 150 TRI,2022-07-06,10638.722988791731
Nifty Midcap 150 TRI,2022-07-07,10780.886396067828
Nifty Midcap 150 TRI,2022-07-08,10804.054119396877
Nifty Midcap 150 TRI,2022-07-11,10913.440419389948
Nifty Midcap 150 TRI,2022-07-12,10854.5868756752
Nifty Midcap 150 TRI,2022-07-13,10865.842175606409
Nifty Midcap 150 TRI,2022-07-14,10857.751374302916
Nifty Midcap 150 TRI,2022-07-15,10931.020861363284
Nifty Midcap 150 TRI,2022-07-18,11080.164166538425
Nifty Midcap 150 TRI,2022-07-19,11162.681399078914
Nifty Midcap 150 TRI,2022-07-20,11177.300056315149
Nifty Midcap 150 TRI,2022-07-21,11323.086012555508
Nifty Midcap 150 TRI,2022-07-22,11343.59103710829
Nifty Midcap 150 TRI,2022-07-25,11336.272875184539
Nifty Midcap 150 TRI,2022-07-26,11215.276281237568
Nifty Midcap 150 TRI,2022-07-27,11311.953630099008
Nifty Midcap 150 TRI,2022-07-28,11395.785935718428
Nifty Midcap 150 TRI,2022-07-29,11555.179655199705
Nifty Midcap 150 TRI,2022-08-01,11730.949564008572
Nifty Midcap 150 TRI,2022-08-02,11785.433197795091
Nifty Midcap 150 TRI,2022-08-03,11724.040734249205
Nifty Midcap 150 TRI,2022-08-04,11787.353272640334
Nifty Midcap 150 TRI,2022-08-05,11824.549944345667
Nifty Midcap 150 TRI,2022-08-08,11854.947945466007
Nifty Midcap 150 TRI,2022-08-10,11830.491332581902
Nifty Midcap 150 TRI,2022-08-11,11925.51618177718
Nifty Midcap 150 TRI,2022-08-12,12003.043669380388
Nifty Midcap 150 TRI,2022-08-16,12167.071661033267
Nifty Midcap 150 TRI,2022-08-17,12217.248472083184
Nifty Midcap 150 TRI,2022-08-18,12237.015310418863
Nifty Midcap 150 TRI,2022-08-19,12084.367165427177
Nifty Midcap 150 TRI,2022-08-22,11866.766008833845
Nifty Midcap 150 TRI,2022-08-23,11979.687466869429
Nifty Midcap 150 TRI,2022-08-24,12058.685428642266
Nifty Midcap 150 TRI,2022-08-25,12070.136190946743
Nifty Midcap 150 TRI,2022-08-26,12116.655007978161
Nifty Midcap 150 TRI,2022-08-29,12017.657769259147
Nifty Midcap 150 TRI,2022-08-30,12258.74714192305
Nifty Midcap 150 TRI,2022-09-01,12290.288994757719
Nifty Midcap 150 TRI,2022-09-02,12258.151133673426
Nifty Midcap 150 TRI,2022-09-05,12326.00205482388
Nifty Midcap 150 TRI,2022-09-06,12372.38524966964
Nifty Midcap 150 TRI,2022-09-07,12438.710536257662
Nifty Midcap 150 TRI,2022-09-08,12482.360268304607
Nifty Midcap 150 TRI,2022-09-09,12532.935211063648
Nifty Midcap 150 TRI,2022-09-12,12635.744573853726
Nifty Midcap 150 TRI,2022-09-13,12654.24239026942
Nifty Midcap 150 TRI,2022-09-14,12611.046414365666
Nifty Midcap 150 TRI,2022-09-15,12651.968858694656
Nifty Midcap 150 TRI,2022-09-16,12332.377344471774
Nifty Midcap 150 TRI,2022-09-19,12336.643868411458
Nifty Midcap 150 TRI,2022-09-20,12517.558266380975
Nifty Midcap 150 TRI,2022-09-21,12431.252441946253
Nifty Midcap 150 TRI,2022-09-22,12472.798212491105
Nifty Midcap 150 TRI,2022-09-23,12209.014316250734
Nifty Midcap 150 TRI,2022-09-26,11847.912325821884
Nifty Midcap 150 TRI,2022-09-27,11856.524217930577
Nifty Midcap 150 TRI,2022-09-28,11825.441261686534
Nifty Midcap 150 TRI,2022-09-29,11876.592121197269
Nifty Midcap 150 TRI,2022-09-30,12048.339353657662
Nifty Midcap 150 TRI,2022-10-03,11924.023364869367
Nifty Midcap 150 TRI,2022-10-04,12194.163446526542
Nifty Midcap 150 TRI,2022-10-06,12338.48069603663
Nifty Midcap 150 TRI,2022-10-07,12307.454132051387
Nifty Midcap 150 TRI,2022-10-10,12197.716435980637
Nifty Midcap 150 TRI,2022-10-11,12002.523730497573
Nifty Midcap 150 TRI,2022-10-12,12070.500317948377
Nifty Midcap 150 TRI,2022-10-13,11995.563673755327
Nifty Midcap 150 TRI,2022-10-14,11987.533208826531
Nifty Midcap 150 TRI,2022-10-17,12009.099989884597
Nifty Midcap 150 TRI,2022-10-18,12129.471054528907
Nifty Midcap 150 TRI,2022-10-19,12140.266937890408
Nifty Midcap 150 TRI,2022-10-20,12107.725575495968
Nifty Midcap 150 TRI,2022-10-21,12037.118457030787
Nifty Midcap 150 TRI,2022-10-24,12105.654881524177
Nifty Midcap 150 TRI,2022-10-25,12122.399707067852
Nifty Midcap 150 TRI,2022-10-27,12198.407607099629
Nifty Midcap 150 TRI,2022-10-28,12119.825636397309
Nifty Midcap 150 TRI,2022-10-31,12278.595671181009
Nifty Midcap 150 TRI,2022-11-01,12382.099135926044
Nifty Midcap 150 TRI,2022-11-02,12380.074950258742
Nifty Midcap 150 TRI,2022-11-03,12400.140242542591
Nifty Midcap 150 TRI,2022-11-04,12393.61590842349
Nifty Midcap 150 TRI,2022-11-07,12485.48292757694
Nifty Midcap 150 TRI,2022-11-09,12408.69174113408
Nifty Midcap 150 TRI,2022-11-10,12295.888590056837
Nifty Midcap 150 TRI,2022-11-11,12313.368538238796
Nifty Midcap 150 TRI,2022-11-14,12309.15157763338
Nifty Midcap 150 TRI,2022-11-15,12303.916874316417
Nifty Midcap 150 TRI,2022-11-16,12230.009720355321
Nifty Midcap 150 TRI,2022-11-17,12179.076474602089
Nifty Midcap 150 TRI,2022-11-18,12130.625224575124
Nifty Midcap 150 TRI,2022-11-21,12131.103514879438
Nifty Midcap 150 TRI,2022-11-22,12175.912216326944
Nifty Midcap 150 TRI,2022-11-23,12204.833689971452
Nifty Midcap 150 TRI,2022-11-24,12254.200626662763
Nifty Midcap 150 TRI,2022-11-25,12364.182825611137
Nifty Midcap 150 TRI,2022-11-28,12450.401435843103
Nifty Midcap 150 TRI,2022-11-29,12406.342784372886
Nifty Midcap 150 TRI,2022-11-30,12520.94965826068
Nifty Midcap 150 TRI,2022-12-01,12616.252077546653
Nifty Midcap 150 TRI,2022-12-02,12724.604752661398
Nifty Midcap 150 TRI,2022-12-05,12734.757316231417
Nifty Midcap 150 TRI,2022-12-06,12673.768037116928
Nifty Midcap 150 TRI,2022-12-07,12611.481354111906
Nifty Midcap 150 TRI,2022-12-08,12672.059854093925
Nifty Midcap 150 TRI,2022-12-09,12614.94792805751
Nifty Midcap 150 TRI,2022-12-12,12654.558455231878
Nifty Midcap 150 TRI,2022-12-13,12708.206175552072
Nifty Midcap 150 TRI,2022-12-14,12790.597223901583
Nifty Midcap 150 TRI,2022-12-15,12675.116973248567
Nifty Midcap 150 TRI,2022-12-16,12492.461935261776
Nifty Midcap 150 TRI,2022-12-19,12553.148787597254
Nifty Midcap 150 TRI,2022-12-20,12532.324909965639
Nifty Midcap 150 TRI,2022-12-21,12335.401603503147
Nifty Midcap 150 TRI,2022-12-22,12220.614625226866
Nifty Midcap 150 TRI,2022-12-23,11792.039505153432
Nifty Midcap 150 TRI,2022-12-26,12085.320008093327
Nifty Midcap 150 TRI,2022-12-27,12198.389090923503
Nifty Midcap 150 TRI,2022-12-28,12238.110084461063
Nifty Midcap 150 TRI,2022-12-29,12256.075293354594
Nifty Midcap 150 TRI,2022-12-30,12314.916023856966
Nifty Midcap 150 TRI,2023-01-02,12403.431471027096
Nifty Midcap 150 TRI,2023-01-03,12428.708987118478
Nifty Midcap 150 TRI,2023-01-04,12317.670251751806
Nifty Midcap 150 TRI,2023-01-05,12365.536145504135
Nifty Midcap 150 TRI,2023-01-06,12280.604995677591
Nifty Midcap 150 TRI,2023-01-09,12383.383949545549
Nifty Midcap 150 TRI,2023-01-10,12332.541406231727
Nifty Midcap 150 TRI,2023-01-11,12294.807385912069
Nifty Midcap 150 TRI,2023-01-12,12267.696009276991
Nifty Midcap 150 TRI,2023-01-13,12261.778163903067
Nifty Midcap 150 TRI,2023-01-16,12231.480102791573
Nifty Midcap 150 TRI,2023-01-17,12224.834960691769
Nifty Midcap 150 TRI,2023-01-18,12277.068642811522
Nifty Midcap 150 TRI,2023-01-19,12265.603608689014
Nifty Midcap 150 TRI,2023-01-20,12179.449200367984
Nifty Midcap 150 TRI,2023-01-23,12203.256592824147
Nifty Midcap 150 TRI,2023-01-24,12160.894572104813
Nifty Midcap 150 TRI,2023-01-25,12009.098725659265
Nifty Midcap 150 TRI,2023-01-27,11860.800028214368
Nifty Midcap 150 TRI,2023-01-30,11843.734817075563
Nifty Midcap 150 TRI,2023-01-31,12024.81317952285
Nifty Midcap 150 TRI,2023-02-01,11922.45043541662
Nifty Midcap 150 TRI,2023-02-02,11943.896525548296
Nifty Midcap 150 TRI,2023-02-03,11930.34600579936
Nifty Midcap 150 TRI,2023-02-06,12033.116516017006
Nifty Midcap 150 TRI,2023-02-07,12032.01100546923
Nifty Midcap 150 TRI,2023-02-08,12133.685104413664
Nifty Midcap 150 TRI,2023-02-09,12144.458577333051
Nifty Midcap 150 TRI,2023-02-10,12174.678601879647
Nifty Midcap 150 TRI,2023-02-13,12016.51240106026
Nifty Midcap 150 TRI,2023-02-14,11964.994965550533
Nifty Midcap 150 TRI,2023-02-15,12022.70278371674
Nifty Midcap 150 TRI,2023-02-16,12115.164937131847
Nifty Midcap 150 TRI,2023-02-17,12039.164965266225
Nifty Midcap 150 TRI,2023-02-20,12040.569690773851
Nifty Midcap 150 TRI,2023-02-21,12008.651249688244
Nifty Midcap 150 TRI,2023-02-22,11888.702391610925
Nifty Midcap 150 TRI,2023-02-23,11859.995522518788
Nifty Midcap 150 TRI,2023-02-24,11831.338911823022
Nifty Midcap 150 TRI,2023-02-27,11766.321503682086
Nifty Midcap 150 TRI,2023-02-28,11840.69759191755
Nifty Midcap 150 TRI,2023-03-01,12007.999496895807
Nifty Midcap 150 TRI,2023-03-02,11982.195888638817
Nifty Midcap 150 TRI,2023-03-03,12042.83306644351
Nifty Midcap 150 TRI,2023-03-06,12128.506701347831
Nifty Midcap 150 TRI,2023-03-08,12168.2274083831
Nifty Midcap 150 TRI,2023-03-09,12101.48037180454
Nifty Midcap 150 TRI,2023-03-10,12020.97803361625
Nifty Midcap 150 TRI,2023-03-13,11807.055718061318
Nifty Midcap 150 TRI,2023-03-14,11734.16705075001
Nifty Midcap 150 TRI,2023-03-15,11738.71035689399
Nifty Midcap 150 TRI,2023-03-16,11735.261773835828
Nifty Midcap 150 TRI,2023-03-17,11786.46660773653
Nifty Midcap 150 TRI,2023-03-20,11674.53938951304
Nifty Midcap 150 TRI,2023-03-21,11739.711297448752
Nifty Midcap 150 TRI,2023-03-22,11772.287717738885
Nifty Midcap 150 TRI,2023-03-23,11727.517377401526
Nifty Midcap 150 TRI,2023-03-24,11591.639868888054
Nifty Midcap 150 TRI,2023-03-27,11527.545143316367
Nifty Midcap 150 TRI,2023-03-28,11489.980998345833
Nifty Midcap 150 TRI,2023-03-29,11682.413414045868
Nifty Midcap 150 TRI,2023-03-31,11788.438236879707
Nifty Midcap 150 TRI,2023-04-03,11843.41121293584
Nifty Midcap 150 TRI,2023-04-05,11855.832155916805
Nifty Midcap 150 TRI,2023-04-06,11934.483743748247
Nifty Midcap 150 TRI,2023-04-10,11978.915156351299
Nifty Midcap 150 TRI,2023-04-11,12031.092440922523
Nifty Midcap 150 TRI,2023-04-12,12103.57922305727
Nifty Midcap 150 TRI,2023-04-13,12123.508994155827
Nifty Midcap 150 TRI,2023-04-17,12169.629162772544
Nifty Midcap 150 TRI,2023-04-18,12241.506031725126
Nifty Midcap 150 TRI,2023-04-19,12221.652134629303
Nifty Midcap 150 TRI,2023-04-20,12213.640479556236
Nifty Midcap 150 TRI,2023-04-21,12163.654109571293
Nifty Midcap 150 TRI,2023-04-24,12196.811102957547
Nifty Midcap 150 TRI,2023-04-25,12188.797819034386
Nifty Midcap 150 TRI,2023-04-26,12202.085388879024
Nifty Midcap 150 TRI,2023-04-27,12273.460317606881
Nifty Midcap 150 TRI,2023-04-28,12410.979173474323
Nifty Midcap 150 TRI,2023-05-02,12509.470354473298
Nifty Midcap 150 TRI,2023-05-03,12540.53902981067
Nifty Midcap 150 TRI,2023-05-04,12622.690707136295
Nifty Midcap 150 TRI,2023-05-05,12540.42657116521
Nifty Midcap 150 TRI,2023-05-08,12657.397937225413
Nifty Midcap 150 TRI,2023-05-09,12665.24420565859
Nifty Midcap 150 TRI,2023-05-10,12676.209178875328
Nifty Midcap 150 TRI,2023-05-11,12715.655496068568
Nifty Midcap 150 TRI,2023-05-12,12677.766035035465
Nifty Midcap 150 TRI,2023-05-15,12749.962377092774
Nifty Midcap 150 TRI,2023-05-16,12779.799045622665
Nifty Midcap 150 TRI,2023-05-17,12771.067637878865
Nifty Midcap 150 TRI,2023-05-18,12698.034064934305
Nifty Midcap 150 TRI,2023-05-19,12682.386998118134
Nifty Midcap 150 TRI,2023-05-22,12752.151899932616
Nifty Midcap 150 TRI,2023-05-23,12826.28867432207
Nifty Midcap 150 TRI,2023-05-24,12845.579653798563
Nifty Midcap 150 TRI,2023-05-25,12885.668072472728
Nifty Midcap 150 TRI,2023-05-26,12984.457200321318
Nifty Midcap 150 TRI,2023-05-29,13031.014189458689
Nifty Midcap 150 TRI,2023-05-30,13079.06706336001
Nifty Midcap 150 TRI,2023-05-31,13128.006877693873
Nifty Midcap 150 TRI,2023-06-01,13153.913615065077
Nifty Midcap 150 TRI,2023-06-02,13213.986165315218
Nifty Midcap 150 TRI,2023-06-05,13254.429832129848
Nifty Midcap 150 TRI,2023-06-06,13269.369628404858
Nifty Midcap 150 TRI,2023-06-07,13418.852993127828
Nifty Midcap 150 TRI,2023-06-08,13346.994133102171
Nifty Midcap 150 TRI,2023-06-09,13330.05348729961
Nifty Midcap 150 TRI,2023-06-12,13409.88784296225
Nifty Midcap 150 TRI,2023-06-13,13567.928369038347
Nifty Midcap 150 TRI,2023-06-14,13606.28525218232
Nifty Midcap 150 TRI,2023-06-15,13629.663422840527
Nifty Midcap 150 TRI,2023-06-16,13725.7133115155
Nifty Midcap 150 TRI,2023-06-19,13728.959827432325
Nifty Midcap 150 TRI,2023-06-20,13792.610939333155
Nifty Midcap 150 TRI,2023-06-21,13894.294731326394
Nifty Midcap 150 TRI,2023-06-22,13778.615417135019
Nifty Midcap 150 TRI,2023-06-23,13607.988790408863
Nifty Midcap 150 TRI,2023-06-26,13723.512659492237
Nifty Midcap 150 TRI,2023-06-27,13789.463165214796
Nifty Midcap 150 TRI,2023-06-28,13858.331650728836
Nifty Midcap 150 TRI,2023-06-30,13947.47478321662
Nifty Midcap 150 TRI,2023-07-03,13975.71807449477
Nifty Midcap 150 TRI,2023-07-04,13952.74657267383
Nifty Midcap 150 TRI,2023-07-05,14032.663661928136
Nifty Midcap 150 TRI,2023-07-06,14149.015038103242
Nifty Midcap 150 TRI,2023-07-07,14042.772278087865
Nifty Midcap 150 TRI,2023-07-10,13984.260394533829
Nifty Midcap 150 TRI,2023-07-11,14089.59035904714
Nifty Midcap 150 TRI,2023-07-12,14158.281332659548
Nifty Midcap 150 TRI,2023-07-13,14077.841583057585
Nifty Midcap 150 TRI,2023-07-14,14218.787433088197
Nifty Midcap 150 TRI,2023-07-17,14273.610073649725
Nifty Midcap 150 TRI,2023-07-18,14252.199676212911
Nifty Midcap 150 TRI,2023-07-19,14337.513162646268
Nifty Midcap 150 TRI,2023-07-20,14368.842191309861
Nifty Midcap 150 TRI,2023-07-21,14341.392291273172
Nifty Midcap 150 TRI,2023-07-24,14331.357894345772
Nifty Midcap 150 TRI,2023-07-25,14401.430190586501
Nifty Midcap 150 TRI,2023-07-26,14447.761007277586
Nifty Midcap 150 TRI,2023-07-27,14474.776722380137
Nifty Midcap 150 TRI,2023-07-28,14555.427864173585
Nifty Midcap 150 TRI,2023-07-31,14727.31086571033
Nifty Midcap 150 TRI,2023-08-01,14739.129308169675
Nifty Midcap 150 TRI,2023-08-02,14556.380162761347
Nifty Midcap 150 TRI,2023-08-03,14560.747041077984
Nifty Midcap 150 TRI,2023-08-04,14665.528398741819
Nifty Midcap 150 TRI,2023-08-07,14740.205214803278
Nifty Midcap 150 TRI,2023-08-08,14778.32987195659
Nifty Midcap 150 TRI,2023-08-09,14824.373400724726
Nifty Midcap 150 TRI,2023-08-10,14823.122481020468
Nifty Midcap 150 TRI,2023-08-11,14783.688509254334
Nifty Midcap 150 TRI,2023-08-14,14746.904090338878
Nifty Midcap 150 TRI,2023-08-16,14767.059254547099
Nifty Midcap 150 TRI,2023-08-17,14811.810027552943
Nifty Midcap 150 TRI,2023-08-18,14789.50997195944
Nifty Midcap 150 TRI,2023-08-21,14903.871831686449
Nifty Midcap 150 TRI,2023-08-22,15062.583359710716
Nifty Midcap 150 TRI,2023-08-23,15119.905297125615
Nifty Midcap 150 TRI,2023-08-24,15161.023809973365
Nifty Midcap 150 TRI,2023-08-25,15049.675444844886
Nifty Midcap 150 TRI,2023-08-28,15115.349649049102
Nifty Midcap 150 TRI,2023-08-29,15174.817727378264
Nifty Midcap 150 TRI,2023-08-30,15274.365436733755
Nifty Midcap 150 TRI,2023-08-31,15315.807230845357
Nifty Midcap 150 TRI,2023-09-01,15437.409444439603
Nifty Midcap 150 TRI,2023-09-04,15568.744445543569
Nifty Midcap 150 TRI,2023-09-05,15741.809536239376
Nifty Midcap 150 TRI,2023-09-06,15745.68759913034
Nifty Midcap 150 TRI,2023-09-07,15846.15450029814
Nifty Midcap 150 TRI,2023-09-08,15993.540275537054
Nifty Midcap 150 TRI,2023-09-11,16165.549407466084
Nifty Midcap 150 TRI,2023-09-12,15686.541746464382
Nifty Midcap 150 TRI,2023-09-13,15706.163833187653
Nifty Midcap 150 TRI,2023-09-14,15853.151347993602
Nifty Midcap 150 TRI,2023-09-15,15872.882329420312
Nifty Midcap 150 TRI,2023-09-18,15817.68798586966
Nifty Midcap 150 TRI,2023-09-20,15768.876213265792
Nifty Midcap 150 TRI,2023-09-21,15633.482848742191
Nifty Midcap 150 TRI,2023-09-22,15617.80542978962
Nifty Midcap 150 TRI,2023-09-25,15701.713844040796
Nifty Midcap 150 TRI,2023-09-26,15692.451335683269
Nifty Midcap 150 TRI,2023-09-27,15810.384653351015
Nifty Midcap 150 TRI,2023-09-28,15630.5347075521
Nifty Midcap 150 TRI,2023-09-29,15793.167394563392
Nifty Midcap 150 TRI,2023-10-03,15835.818502524062
Nifty Midcap 150 TRI,2023-10-04,15632.261864901959
Nifty Midcap 150 TRI,2023-10-05,15622.995522644407
Nifty Midcap 150 TRI,2023-10-06,15714.975792492693
Nifty Midcap 150 TRI,2023-10-09,15505.380587707363
Nifty Midcap 150 TRI,2023-10-10,15698.676954303195
Nifty Midcap 150 TRI,2023-10-11,15777.47119440023
Nifty Midcap 150 TRI,2023-10-12,15815.994373742036
Nifty Midcap 150 TRI,2023-10-13,15798.904936266403
Nifty Midcap 150 TRI,2023-10-16,15827.303722004235
Nifty Midcap 150 TRI,2023-10-17,15897.503534766645
Nifty Midcap 150 TRI,2023-10-18,15784.56376270752
Nifty Midcap 150 TRI,2023-10-19,15765.331843662467
Nifty Midcap 150 TRI,2023-10-20,15615.595104163043
Nifty Midcap 150 TRI,2023-10-23,15193.008704938475
Nifty Midcap 150 TRI,2023-10-25,15103.106129929682
Nifty Midcap 150 TRI,2023-10-26,14931.25612353888
Nifty Midcap 150 TRI,2023-10-27,15149.19983346311
Nifty Midcap 150 TRI,2023-10-30,15170.879028980653
Nifty Midcap 150 TRI,2023-10-31,15205.594505534062
Nifty Midcap 150 TRI,2023-11-01,15183.836324586575
Nifty Midcap 150 TRI,2023-11-02,15365.228369357566
Nifty Midcap 150 TRI,2023-11-03,15470.627804914773
Nifty Midcap 150 TRI,2023-11-06,15612.347049570893
Nifty Midcap 150 TRI,2023-11-07,15654.857762973974
Nifty Midcap 150 TRI,2023-11-08,15806.2183185587
Nifty Midcap 150 TRI,2023-11-09,15810.886537184982
Nifty Midcap 150 TRI,2023-11-10,15870.112556372836
Nifty Midcap 150 TRI,2023-11-13,15968.445113664759
Nifty Midcap 150 TRI,2023-11-15,16107.646713007513
Nifty Midcap 150 TRI,2023-11-16,16220.878084290236
Nifty Midcap 150 TRI,2023-11-17,16276.93826086961
Nifty Midcap 150 TRI,2023-11-20,16281.89660119366
Nifty Midcap 150 TRI,2023-11-21,16287.935299228488
Nifty Midcap 150 TRI,2023-11-22,16320.45175696782
Nifty Midcap 150 TRI,2023-11-23,16337.302634087928
Nifty Midcap 150 TRI,2023-11-24,16371.023465443128
Nifty Midcap 150 TRI,2023-11-28,16436.193755901626
Nifty Midcap 150 TRI,2023-11-29,16545.76093767848
Nifty Midcap 150 TRI,2023-11-30,16676.12256959824
Nifty Midcap 150 TRI,2023-12-01,16824.40628405745
Nifty Midcap 150 TRI,2023-12-04,17032.141605839694
Nifty Midcap 150 TRI,2023-12-05,17096.969814964203
Nifty Midcap 150 TRI,2023-12-06,17123.458471910148
Nifty Midcap 150 TRI,2023-12-07,17218.748453096374
Nifty Midcap 150 TRI,2023-12-08,17185.83933142136
Nifty Midcap 150 TRI,2023-12-11,17304.712810514855
Nifty Midcap 150 TRI,2023-12-12,17231.98978141721
Nifty Midcap 150 TRI,2023-12-13,17377.719212021
Nifty Midcap 150 TRI,2023-12-14,17570.636618425935
Nifty Midcap 150 TRI,2023-12-15,17609.00346437475
Nifty Midcap 150 TRI,2023-12-18,17665.06195671047
Nifty Midcap 150 TRI,2023-12-19,17596.830141983686
Nifty Midcap 150 TRI,2023-12-20,17061.246906643803
Nifty Midcap 150 TRI,2023-12-21,17309.115440116282
Nifty Midcap 150 TRI,2023-12-22,17447.874640379476
Nifty Midcap 150 TRI,2023-12-26,17547.84715794651
Nifty Midcap 150 TRI,2023-12-27,17616.694910346607
Nifty Midcap 150 TRI,2023-12-28,17702.116855187673
Nifty Midcap 150 TRI,2023-12-29,17852.357812761013
Nifty Midcap 150 TRI,2024-01-01,17955.029862175772
Nifty Midcap 150 TRI,2024-01-02,17928.391373470775
Nifty Midcap 150 TRI,2024-01-03,17972.58613993179
Nifty Midcap 150 TRI,2024-01-04,18238.389543947822
Nifty Midcap 150 TRI,2024-01-05,18297.285278121548
Nifty Midcap 150 TRI,2024-01-08,18142.724799207783
Nifty Midcap 150 TRI,2024-01-09,18176.055755880006
Nifty Midcap 150 TRI,2024-01-10,18221.832674121077
Nifty Midcap 150 TRI,2024-01-11,18300.8669838825
Nifty Midcap 150 TRI,2024-01-12,18367.56437991317
Nifty Midcap 150 TRI,2024-01-15,18465.656004833447
Nifty Midcap 150 TRI,2024-01-16,18406.966698101354
Nifty Midcap 150 TRI,2024-01-17,18212.202854173214
Nifty Midcap 150 TRI,2024-01-18,18208.778507165447
Nifty Midcap 150 TRI,2024-01-19,18482.634094251924
Nifty Midcap 150 TRI,2024-01-23,17996.469221222917
Nifty Midcap 150 TRI,2024-01-24,18301.526764686227
Nifty Midcap 150 TRI,2024-01-25,18216.40447820347
Nifty Midcap 150 TRI,2024-01-29,18485.964987090807
Nifty Midcap 150 TRI,2024-01-30,18420.97853531999
Nifty Midcap 150 TRI,2024-01-31,18711.815078002994
Nifty Midcap 150 TRI,2024-02-01,18605.660530422556
Nifty Midcap 150 TRI,2024-02-02,18700.8580397214
Nifty Midcap 150 TRI,2024-02-05,18700.352061311598
Nifty Midcap 150 TRI,2024-02-06,18921.025093394896
Nifty Midcap 150 TRI,2024-02-07,19048.472722425573
Nifty Midcap 150 TRI,2024-02-08,19005.512218350446
Nifty Midcap 150 TRI,2024-02-09,18839.850034229203
Nifty Midcap 150 TRI,2024-02-12,18390.328658687948
Nifty Midcap 150 TRI,2024-02-13,18443.527869052723
Nifty Midcap 150 TRI,2024-02-14,18602.22638626865
Nifty Midcap 150 TRI,2024-02-15,18778.46581135069
Nifty Midcap 150 TRI,2024-02-16,18925.352257422357
Nifty Midcap 150 TRI,2024-02-19,19015.666403741652
Nifty Midcap 150 TRI,2024-02-20,18985.515126076385
Nifty Midcap 150 TRI,2024-02-21,18778.768295134978
Nifty Midcap 150 TRI,2024-02-22,18929.395346171063
Nifty Midcap 150 TRI,2024-02-23,18999.10841305656
Nifty Midcap 150 TRI,2024-02-26,18941.826251233546
Nifty Midcap 150 TRI,2024-02-27,18922.71394241946
Nifty Midcap 150 TRI,2024-02-28,18582.5992774759
Nifty Midcap 150 TRI,2024-02-29,18669.012729303955
Nifty Midcap 150 TRI,2024-03-01,18819.77085276674
Nifty Midcap 150 TRI,2024-03-04,18962.932866828036
Nifty Midcap 150 TRI,2024-03-05,18916.433069270286
Nifty Midcap 150 TRI,2024-03-06,18796.266727669314
Nifty Midcap 150 TRI,2024-03-07,18844.582731814706
Nifty Midcap 150 TRI,2024-03-11,18758.514033085194
Nifty Midcap 150 TRI,2024-03-12,18522.12690910716
Nifty Midcap 150 TRI,2024-03-13,17750.33614644902
Nifty Midcap 150 TRI,2024-03-14,18128.34171688605
Nifty Midcap 150 TRI,2024-03-15,18071.65118556047
Nifty Midcap 150 TRI,2024-03-18,18032.81169656735
Nifty Midcap 150 TRI,2024-03-19,17830.881782996203
Nifty Midcap 150 TRI,2024-03-20,17819.900968976937
Nifty Midcap 150 TRI,2024-03-21,18223.16702780623
Nifty Midcap 150 TRI,2024-03-22,18335.17886007333
Nifty Midcap 150 TRI,2024-03-26,18506.226215683993
Nifty Midcap 150 TRI,2024-03-27,18529.205421914507
Nifty Midcap 150 TRI,2024-03-28,18613.63440639084
Nifty Midcap 150 TRI,2024-04-01,18949.398354283516
Nifty Midcap 150 TRI,2024-04-02,19161.160452717377
Nifty Midcap 150 TRI,2024-04-03,19258.29606032895
Nifty Midcap 150 TRI,2024-04-04,19266.470069762872
Nifty Midcap 150 TRI,2024-04-05,19358.42663447576
Nifty Midcap 150 TRI,2024-04-08,19399.570672823193
Nifty Midcap 150 TRI,2024-04-09,19352.257278794328
Nifty Midcap 150 TRI,2024-04-10,19520.261620964382
Nifty Midcap 150 TRI,2024-04-12,19426.155733168664
Nifty Midcap 150 TRI,2024-04-15,19163.96968112863
Nifty Midcap 150 TRI,2024-04-16,19140.750888767718
Nifty Midcap 150 TRI,2024-04-18,19073.60689668936
Nifty Midcap 150 TRI,2024-04-19,18985.599830572475
Nifty Midcap 150 TRI,2024-04-22,19115.997806388277
Nifty Midcap 150 TRI,2024-04-23,19308.999988934018
Nifty Midcap 150 TRI,2024-04-24,19467.103012201023
Nifty Midcap 150 TRI,2024-04-25,19546.159632460254
Nifty Midcap 150 TRI,2024-04-26,19692.636700216623
Nifty Midcap 150 TRI,2024-04-29,19761.716389999787
Nifty Midcap 150 TRI,2024-04-30,19810.434897086063
Nifty Midcap 150 TRI,2024-05-02,19897.65508943076
Nifty Midcap 150 TRI,2024-05-03,19827.30696645847
Nifty Midcap 150 TRI,2024-05-06,19738.158899081616
Nifty Midcap 150 TRI,2024-05-07,19372.159815156047
Nifty Midcap 150 TRI,2024-05-08,19474.20753881091
Nifty Midcap 150 TRI,2024-05-09,19135.55908426077
Nifty Midcap 150 TRI,2024-05-10,19322.66666543459
Nifty Midcap 150 TRI,2024-05-13,19422.10701803715
Nifty Midcap 150 TRI,2024-05-14,19604.413273145237
Nifty Midcap 150 TRI,2024-05-15,19788.564115245314
Nifty Midcap 150 TRI,2024-05-16,19981.642283726997
Nifty Midcap 150 TRI,2024-05-17,20192.34978234591
Nifty Midcap 150 TRI,2024-05-21,20366.383556417866
Nifty Midcap 150 TRI,2024-05-22,20425.791967809575
Nifty Midcap 150 TRI,2024-05-23,20524.075156114835
Nifty Midcap 150 TRI,2024-05-24,20514.715953008763
Nifty Midcap 150 TRI,2024-05-27,20592.55895834643
Nifty Midcap 150 TRI,2024-05-28,20434.674068367276
Nifty Midcap 150 TRI,2024-05-29,20378.775164242932
Nifty Midcap 150 TRI,2024-05-30,20143.70016083528
Nifty Midcap 150 TRI,2024-05-31,20261.77559328749
Nifty Midcap 150 TRI,2024-06-03,20873.09266661992
Nifty Midcap 150 TRI,2024-06-04,19390.088230584228
Nifty Midcap 150 TRI,2024-06-05,20139.425368493143
Nifty Midcap 150 TRI,2024-06-06,20577.983924575157
Nifty Midcap 150 TRI,2024-06-07,20869.263871858373
Nifty Midcap 150 TRI,2024-06-10,20946.792234014818
Nifty Midcap 150 TRI,2024-06-11,21118.292901953057
Nifty Midcap 150 TRI,2024-06-12,21330.474483660764
Nifty Midcap 150 TRI,2024-06-13,21497.742930584
Nifty Midcap 150 TRI,2024-06-14,21727.317851933858
Nifty Midcap 150 TRI,2024-06-18,21846.50487913504
Nifty Midcap 150 TRI,2024-06-19,21618.069703715526
Nifty Midcap 150 TRI,2024-06-20,21802.37889822849
Nifty Midcap 150 TRI,2024-06-21,21769.89525816576
Nifty Midcap 150 TRI,2024-06-24,21822.683681062077
Nifty Midcap 150 TRI,2024-06-25,21771.29728264058
Nifty Midcap 150 TRI,2024-06-26,21715.28577163876
Nifty Midcap 150 TRI,2024-06-27,21760.3944197508
Nifty Midcap 150 TRI,2024-06-28,21875.175494565698
Nifty Midcap 150 TRI,2024-07-01,22084.664882008456
Nifty Midcap 150 TRI,2024-07-02,21959.184887625255
Nifty Midcap 150 TRI,2024-07-03,22130.74936076802
Nifty Midcap 150 TRI,2024-07-04,22281.003743759236
Nifty Midcap 150 TRI,2024-07-05,22425.644961045204
Nifty Midcap 150 TRI,2024-07-08,22360.96623764382
Nifty Midcap 150 TRI,2024-07-09,22422.593704434767
Nifty Midcap 150 TRI,2024-07-10,22338.16700101956
Nifty Midcap 150 TRI,2024-07-11,22386.562110356113
Nifty Midcap 150 TRI,2024-07-12,22374.61063626354
Nifty Midcap 150 TRI,2024-07-15,22532.363567709297
Nifty Midcap 150 TRI,2024-07-16,22540.953359456584
Nifty Midcap 150 TRI,2024-07-18,22330.994622394803
Nifty Midcap 150 TRI,2024-07-19,21865.750777815232
Nifty Midcap 150 TRI,2024-07-22,22107.02344638444
Nifty Midcap 150 TRI,2024-07-23,22010.322625048953
Nifty Midcap 150 TRI,2024-07-24,22205.827639130628
Nifty Midcap 150 TRI,2024-07-25,22150.78601421515
Nifty Midcap 150 TRI,2024-07-26,22531.667566525306
Nifty Midcap 150 TRI,2024-07-29,22746.074993474667
Nifty Midcap 150 TRI,2024-07-30,22856.61035953207
Nifty Midcap 150 TRI,2024-07-31,22974.296217684878
Nifty Midcap 150 TRI,2024-08-01,22812.487346171063
Nifty Midcap 150 TRI,2024-08-02,22587.927829206477
Nifty Midcap 150 TRI,2024-08-05,21793.51881809279
Nifty Midcap 150 TRI,2024-08-06,21664.035250409685
Nifty Midcap 150 TRI,2024-08-07,22140.244853475706
Nifty Midcap 150 TRI,2024-08-08,22064.37128878149
Nifty Midcap 150 TRI,2024-08-09,22233.465738620398
Nifty Midcap 150 TRI,2024-08-12,22295.39007596285
Nifty Midcap 150 TRI,2024-08-13,22123.792556715754
Nifty Midcap 150 TRI,2024-08-14,21990.612059729316
Nifty Midcap 150 TRI,2024-08-16,22391.83098892783
Nifty Midcap 150 TRI,2024-08-19,22449.257466706356
Nifty Midcap 150 TRI,2024-08-20,22636.597653508896
Nifty Midcap 150 TRI,2024-08-21,22730.364126394095
Nifty Midcap 150 TRI,2024-08-22,22880.918017339896
Nifty Midcap 150 TRI,2024-08-23,22760.87058829905
Nifty Midcap 150 TRI,2024-08-26,22881.16479397728
Nifty Midcap 150 TRI,2024-08-27,22998.77275414479
Nifty Midcap 150 TRI,2024-08-28,22966.682356497382
Nifty Midcap 150 TRI,2024-08-29,22864.865454166298
Nifty Midcap 150 TRI,2024-08-30,23059.044319916517
Nifty Midcap 150 TRI,2024-09-02,22994.90033221773
Nifty Midcap 150 TRI,2024-09-03,23049.055134404207
Nifty Midcap 150 TRI,2024-09-04,23030.21302544525
Nifty Midcap 150 TRI,2024-09-05,23116.557738172516
Nifty Midcap 150 TRI,2024-09-06,22800.40328653469
Nifty Midcap 150 TRI,2024-09-09,22744.854210052494
Nifty Midcap 150 TRI,2024-09-10,22989.63113657592
Nifty Midcap 150 TRI,2024-09-11,22932.753596610186
Nifty Midcap 150 TRI,2024-09-12,23195.010529014824
Nifty Midcap 150 TRI,2024-09-13,23345.656788363158
Nifty Midcap 150 TRI,2024-09-16,23425.601155457196
Nifty Midcap 150 TRI,2024-09-17,23395.295120126946
Nifty Midcap 150 TRI,2024-09-18,23232.306515329634
Nifty Midcap 150 TRI,2024-09-19,23112.13436491008
Nifty Midcap 150 TRI,2024-09-20,23418.85094019056
Nifty Midcap 150 TRI,2024-09-23,23596.943117081086
Nifty Midcap 150 TRI,2024-09-24,23670.97663935911
Nifty Midcap 150 TRI,2024-09-25,23528.329719970563
Nifty Midcap 150 TRI,2024-09-26,23539.90363507669
Nifty Midcap 150 TRI,2024-09-27,23533.114112185485
Nifty Midcap 150 TRI,2024-09-30,23483.378234085627
Nifty Midcap 150 TRI,2024-10-01,23555.316528471918
Nifty Midcap 150 TRI,2024-10-03,23056.443357090455
Nifty Midcap 150 TRI,2024-10-04,22852.69861384814
Nifty Midcap 150 TRI,2024-10-07,22384.778933690257
Nifty Midcap 150 TRI,2024-10-08,22828.676806202475
Nifty Midcap 150 TRI,2024-10-09,23074.15595125473
Nifty Midcap 150 TRI,2024-10-10,23040.34893469516
Nifty Midcap 150 TRI,2024-10-11,23139.349655728598
Nifty Midcap 150 TRI,2024-10-14,23224.913589067062
Nifty Midcap 150 TRI,2024-10-15,23299.027244939105
Nifty Midcap 150 TRI,2024-10-16,23253.74349500635
Nifty Midcap 150 TRI,2024-10-17,22868.30604998097
Nifty Midcap 150 TRI,2024-10-18,22907.985167257797
Nifty Midcap 150 TRI,2024-10-21,22566.641765968452
Nifty Midcap 150 TRI,2024-10-22,21987.53146632555
Nifty Midcap 150 TRI,2024-10-23,22099.489248522907
Nifty Midcap 150 TRI,2024-10-24,22044.742452963845
Nifty Midcap 150 TRI,2024-10-25,21656.6181446
Nifty Midcap 150 TRI,2024-10-28,21797.08136699087
Nifty Midcap 150 TRI,2024-10-29,21978.616892413
Nifty Midcap 150 TRI,2024-10-30,22031.081373321234
Nifty Midcap 150 TRI,2024-10-31,21989.489692389427
Nifty Midcap 150 TRI,2024-11-01,22142.130204904024
Nifty Midcap 150 TRI,2024-11-04,21876.5113660546
Nifty Midcap 150 TRI,2024-11-05,21976.807218096386
Nifty Midcap 150 TRI,2024-11-06,22437.075820503465
Nifty Midcap 150 TRI,2024-11-07,22328.432203776138
Nifty Midcap 150 TRI,2024-11-08,22039.3182640148
Nifty Midcap 150 TRI,2024-11-11,21861.881838862882
Nifty Midcap 150 TRI,2024-11-12,21662.91689976689
Nifty Midcap 150 TRI,2024-11-13,21084.10534937974
Nifty Midcap 150 TRI,2024-11-14,21184.193879999457
Nifty Midcap 150 TRI,2024-11-18,21147.600143156193
Nifty Midcap 150 TRI,2024-11-19,21347.864331926277
Nifty Midcap 150 TRI,2024-11-21,21267.555635637164
Nifty Midcap 150 TRI,2024-11-22,21512.312082677276
Nifty Midcap 150 TRI,2024-11-25,21843.832802242847
Nifty Midcap 150 TRI,2024-11-26,21854.276424159423
Nifty Midcap 150 TRI,2024-11-27,21963.479601122333
Nifty Midcap 150 TRI,2024-11-28,21965.81146201813
Nifty Midcap 150 TRI,2024-11-29,22036.708307732937
Nifty Midcap 150 TRI,2024-12-02,22248.416976968267
Nifty Midcap 150 TRI,2024-12-03,22444.40367892456
Nifty Midcap 150 TRI,2024-12-04,22649.255522193453
Nifty Midcap 150 TRI,2024-12-05,22747.325337983286
Nifty Midcap 150 TRI,2024-12-06,22840.392342148287
Nifty Midcap 150 TRI,2024-12-09,22929.686103218995
Nifty Midcap 150 TRI,2024-12-10,22994.140996590875
Nifty Midcap 150 TRI,2024-12-11,23068.98616022
Nifty Midcap 150 TRI,2024-12-12,22954.096491998134
Nifty Midcap 150 TRI,2024-12-13,22931.51393657558
Nifty Midcap 150 TRI,2024-12-16,23092.114770058502
Nifty Midcap 150 TRI,2024-12-17,22940.091235463082
Nifty Midcap 150 TRI,2024-12-18,22802.508716282675
Nifty Midcap 150 TRI,2024-12-19,22748.442598189984
Nifty Midcap 150 TRI,2024-12-20,22199.871427353137
Nifty Midcap 150 TRI,2024-12-23,22228.452931569238
Nifty Midcap 150 TRI,2024-12-24,22233.795857099987
Nifty Midcap 150 TRI,2024-12-26,22251.921332440437
Nifty Midcap 150 TRI,2024-12-27,22226.097768838725
Nifty Midcap 150 TRI,2024-12-30,22267.18544352998
Nifty Midcap 150 TRI,2024-12-31,22301.434274981522
Nifty Midcap 150 TRI,2025-01-01,22413.063788666503
Nifty Midcap 150 TRI,2025-01-02,22652.714356666544
Nifty Midcap 150 TRI,2025-01-03,22596.46097258844
Nifty Midcap 150 TRI,2025-01-06,22028.773586203788
Nifty Midcap 150 TRI,2025-01-07,22220.438759875316
Nifty Midcap 150 TRI,2025-01-08,21988.337089630902
Nifty Midcap 150 TRI,2025-01-09,21813.67410828588
Nifty Midcap 150 TRI,2025-01-10,21369.67829321659
Nifty Midcap 150 TRI,2025-01-13,20532.724642927365
Nifty Midcap 150 TRI,2025-01-14,20981.757965415334
Nifty Midcap 150 TRI,2025-01-15,21058.305583760433
Nifty Midcap 150 TRI,2025-01-16,21288.0848665584
Nifty Midcap 150 TRI,2025-01-17,21313.143275478276
Nifty Midcap 150 TRI,2025-01-20,21478.298476888336
Nifty Midcap 150 TRI,2025-01-21,21051.801283603243
Nifty Midcap 150 TRI,2025-01-22,20789.088125761322
Nifty Midcap 150 TRI,2025-01-23,21160.121575934976
Nifty Midcap 150 TRI,2025-01-24,20802.825637795177
Nifty Midcap 150 TRI,2025-01-27,20216.557743032874
Nifty Midcap 150 TRI,2025-01-28,20076.658194223877
Nifty Midcap 150 TRI,2025-01-29,20565.538772974123
Nifty Midcap 150 TRI,2025-01-30,20600.352109104304
Nifty Midcap 150 TRI,2025-01-31,20956.305014055142
Nifty Midcap 150 TRI,2025-02-03,20670.944367711698
Nifty Midcap 150 TRI,2025-02-04,20956.462205854663
Nifty Midcap 150 TRI,2025-02-05,21111.704332349145
Nifty Midcap 150 TRI,2025-02-06,20898.996526988572
Nifty Midcap 150 TRI,2025-02-07,20926.802868199808
Nifty Midcap 150 TRI,2025-02-10,20492.608174574725
Nifty Midcap 150 TRI,2025-02-11,19891.262926993368
Nifty Midcap 150 TRI,2025-02-12,19817.67251289084
Nifty Midcap 150 TRI,2025-02-13,19849.787675752297
Nifty Midcap 150 TRI,2025-02-14,19375.05418508522
Nifty Midcap 150 TRI,2025-02-17,19441.588411848843
Nifty Midcap 150 TRI,2025-02-18,19407.63528330954
Nifty Midcap 150 TRI,2025-02-19,19692.276052427696
Nifty Midcap 150 TRI,2025-02-20,19950.366911510777
Nifty Midcap 150 TRI,2025-02-21,19731.74083550285
Nifty Midcap 150 TRI,2025-02-24,19545.752571709774
Nifty Midcap 150 TRI,2025-02-25,19445.72179556786
Nifty Midcap 150 TRI,2025-02-27,19201.700397933146
Nifty Midcap 150 TRI,2025-02-28,18751.825888390485
Nifty Midcap 150 TRI,2025-03-03,18782.787514589625
Nifty Midcap 150 TRI,2025-03-04,18813.62298376398
Nifty Midcap 150 TRI,2025-03-05,19271.40642372283
Nifty Midcap 150 TRI,2025-03-06,19378.433192972177
Nifty Midcap 150 TRI,2025-03-07,19325.65603518174
Nifty Midcap 150 TRI,2025-03-10,19052.873126486193
Nifty Midcap 150 TRI,2025-03-11,19133.438678265324
Nifty Midcap 150 TRI,2025-03-12,19036.002595379847
Nifty Midcap 150 TRI,2025-03-13,18917.849930384513
Nifty Midcap 150 TRI,2025-03-17,19062.645066876154
Nifty Midcap 150 TRI,2025-03-18,19455.37213514806
Nifty Midcap 150 TRI,2025-03-19,19916.65805067587
Nifty Midcap 150 TRI,2025-03-20,20027.118587295907
Nifty Midcap 150 TRI,2025-03-21,20296.975851184416
Nifty Midcap 150 TRI,2025-03-24,20525.731088164383
Nifty Midcap 150 TRI,2025-03-25,20325.44554173388
Nifty Midcap 150 TRI,2025-03-26,20197.29807442787
Nifty Midcap 150 TRI,2025-03-27,20270.469705983007
Nifty Midcap 150 TRI,2025-03-28,20212.7709051196
Nifty Midcap 150 TRI,2025-04-01,20014.990078506573
Nifty Midcap 150 TRI,2025-04-02,20300.254606161005
Nifty Midcap 150 TRI,2025-04-03,20340.55995141369
Nifty Midcap 150 TRI,2025-04-04,19745.68497551171
Nifty Midcap 150 TRI,2025-04-07,19038.47190308398
Nifty Midcap 150 TRI,2025-04-08,19442.821452630385
Nifty Midcap 150 TRI,2025-04-09,19322.431588048436
Nifty Midcap 150 TRI,2025-04-11,19684.409499403042
Nifty Midcap 150 TRI,2025-04-15,20283.197682804144
Nifty Midcap 150 TRI,2025-04-16,20433.98359719955
Nifty Midcap 150 TRI,2025-04-17,20553.840554913015
Nifty Midcap 150 TRI,2025-04-21,21010.9055228296
Nifty Midcap 150 TRI,2025-04-22,21189.81636054712
Nifty Midcap 150 TRI,2025-04-23,21398.45996625855
Nifty Midcap 150 TRI,2025-04-24,21362.33051260873
Nifty Midcap 150 TRI,2025-04-25,20834.39960473224
Nifty Midcap 150 TRI,2025-04-28,21123.53296643952
Nifty Midcap 150 TRI,2025-04-29,21168.857575318245
Nifty Midcap 150 TRI,2025-04-30,21025.595600360968
Nifty Midcap 150 TRI,2025-05-02,20883.73776523459
Nifty Midcap 150 TRI,2025-05-05,21214.403684339086
Nifty Midcap 150 TRI,2025-05-06,20788.543002968647
Nifty Midcap 150 TRI,2025-05-07,21103.807387597564
Nifty Midcap 150 TRI,2025-05-08,20731.998630255366
Nifty Midcap 150 TRI,2025-05-09,20737.215470003477
Nifty Midcap 150 TRI,2025-05-12,21516.857814128336
Nifty Midcap 150 TRI,2025-05-13,21567.974519971667
Nifty Midcap 150 TRI,2025-05-14,21842.193390914104
Nifty Midcap 150 TRI,2025-05-15,21994.342048950275
Nifty Midcap 150 TRI,2025-05-16,22184.336151176645
Nifty Midcap 150 TRI,2025-05-19,22220.528678136503
Nifty Midcap 150 TRI,2025-05-20,21874.358232980365
Nifty Midcap 150 TRI,2025-05-21,22047.965334540968
Nifty Midcap 150 TRI,2025-05-22,21968.001782580046
Nifty Midcap 150 TRI,2025-05-23,22097.371970240165
Nifty Midcap 150 TRI,2025-05-26,22222.43813620289
Nifty Midcap 150 TRI,2025-05-27,22268.982566820217
Nifty Midcap 150 TRI,2025-05-28,22280.06431612044
Nifty Midcap 150 TRI,2025-05-29,22406.33658956541
Nifty Midcap 150 TRI,2025-05-30,22367.076935056128
Nifty Midcap 150 TRI,2025-06-02,22490.755118112906
Nifty Midcap 150 TRI,2025-06-03,22410.77872692618
Nifty Midcap 150 TRI,2025-06-04,22591.182028189483
Nifty Midcap 150 TRI,2025-06-05,22741.944272966895
Nifty Midcap 150 TRI,2025-06-06,22967.158966262807
Nifty Midcap 150 TRI,2025-06-09,23201.57076607269
Nifty Midcap 150 TRI,2025-06-10,23210.1366078046
Nifty Midcap 150 TRI,2025-06-11,23136.729600031438
Nifty Midcap 150 TRI,2025-06-12,22781.013277922706
Nifty Midcap 150 TRI,2025-06-13,22700.442968901192
Nifty Midcap 150 TRI,2025-06-16,22873.068513943213
Nifty Midcap 150 TRI,2025-06-17,22732.221529466075
Nifty Midcap 150 TRI,2025-06-18,22624.258549883343
Nifty Midcap 150 TRI,2025-06-19,22269.368454084306
Nifty Midcap 150 TRI,2025-06-20,22547.9847918056
Nifty Midcap 150 TRI,2025-06-23,22640.59468558516
Nifty Midcap 150 TRI,2025-06-24,22801.916823887907
Nifty Midcap 150 TRI,2025-06-25,22927.066422288975
Nifty Midcap 150 TRI,2025-06-26,23046.81926173382
Nifty Midcap 150 TRI,2025-06-27,23139.612537550463
Nifty Midcap 150 TRI,2025-06-30,23298.610532403618
Nifty Midcap 150 TRI,2025-07-01,23259.341504501583
Nifty Midcap 150 TRI,2025-07-02,23248.36173200554
Nifty Midcap 150 TRI,2025-07-03,23288.244719871298
Nifty Midcap 150 TRI,2025-07-04,23284.47173035626
Nifty Midcap 150 TRI,2025-07-07,23225.938594385145
Nifty Midcap 150 TRI,2025-07-08,23194.55549247182
Nifty Midcap 150 TRI,2025-07-09,23187.175909518628
Nifty Midcap 150 TRI,2025-07-10,23123.835870104227
Nifty Midcap 150 TRI,2025-07-11,22931.562356638504
Nifty Midcap 150 TRI,2025-07-14,23078.991501976925
Nifty Midcap 150 TRI,2025-07-15,23292.610476097812
Nifty Midcap 150 TRI,2025-07-16,23315.8660680388
Nifty Midcap 150 TRI,2025-07-17,23326.984357733978
Nifty Midcap 150 TRI,2025-07-18,23171.305931893825
Nifty Midcap 150 TRI,2025-07-21,23319.467241126942
Nifty Midcap 150 TRI,2025-07-22,23200.29658270204
Nifty Midcap 150 TRI,2025-07-23,23269.988112482304
Nifty Midcap 150 TRI,2025-07-24,23171.854888859394
Nifty Midcap 150 TRI,2025-07-25,22796.519932291725
Nifty Midcap 150 TRI,2025-07-28,22600.186146905708
Nifty Midcap 150 TRI,2025-07-29,22798.12109338116
Nifty Midcap 150 TRI,2025-07-30,22840.29925898599
Nifty Midcap 150 TRI,2025-07-31,22651.105298881877
Nifty Midcap 150 TRI,2025-08-01,22362.540716667405
Nifty Midcap 150 TRI,2025-08-04,22619.49810459067
Nifty Midcap 150 TRI,2025-08-05,22577.048448406123
Nifty Midcap 150 TRI,2025-08-06,22373.767991219043
Nifty Midcap 150 TRI,2025-08-07,22433.124199734088
Nifty Midcap 150 TRI,2025-08-08,22111.415086356166
Nifty Midcap 150 TRI,2025-08-11,22256.816539816165
Nifty Midcap 150 TRI,2025-08-12,22205.81119749927
Nifty Midcap 150 TRI,2025-08-13,22346.478511340894
Nifty Midcap 150 TRI,2025-08-14,22293.724268017286
Nifty Midcap 150 TRI,2025-08-18,22561.12405976563
Nifty Midcap 150 TRI,2025-08-19,22773.639035583397
Nifty Midcap 150 TRI,2025-08-20,22879.492093023156
Nifty Midcap 150 TRI,2025-08-21,22784.675608818307
Nifty Midcap 150 TRI,2025-08-22,22744.918325792005
Nifty Midcap 150 TRI,2025-08-25,22740.333791042125
Nifty Midcap 150 TRI,2025-08-26,22408.78080383953
Nifty Midcap 150 TRI,2025-08-28,22139.77409903389
Nifty Midcap 150 TRI,2025-08-29,22018.87112833603
Nifty Midcap 150 TRI,2025-09-01,22404.171948002273
Nifty Midcap 150 TRI,2025-09-02,22444.88902647353
Nifty Midcap 150 TRI,2025-09-03,22596.723798444513
Nifty Midcap 150 TRI,2025-09-04,22454.74587188402
Nifty Midcap 150 TRI,2025-09-05,22470.899310784345
Nifty Midcap 150 TRI,2025-09-08,22559.002857873442
Nifty Midcap 150 TRI,2025-09-09,22603.924490733432
Nifty Midcap 150 TRI,2025-09-10,22819.368186886782
Nifty Midcap 150 TRI,2025-09-11,22829.90622812493
Nifty Midcap 150 TRI,2025-09-12,22893.57157958424
Nifty Midcap 150 TRI,2025-09-15,22991.011956386814
Nifty Midcap 150 TRI,2025-09-16,23133.565434959306
Nifty Midcap 150 TRI,2025-09-17,23176.492358925283
Nifty Midcap 150 TRI,2025-09-18,23248.988073345696
Nifty Midcap 150 TRI,2025-09-19,23251.4681712252
Nifty Midcap 150 TRI,2025-09-22,23122.477106135248
Nifty Midcap 150 TRI,2025-09-23,23055.195778225847
Nifty Midcap 150 TRI,2025-09-24,22853.751599916093
Nifty Midcap 150 TRI,2025-09-25,22703.690902425842
Nifty Midcap 150 TRI,2025-09-26,22264.901557945304
Nifty Midcap 150 TRI,2025-09-29,22322.02660522646
Nifty Midcap 150 TRI,2025-09-30,22342.432158969903
Nifty Midcap 150 TRI,2025-10-01,22535.99771299348
Nifty Midcap 150 TRI,2025-10-03,22728.11409446569
Nifty Midcap 150 TRI,2025-10-06,22889.902036955576
Nifty Midcap 150 TRI,2025-10-07,22980.58661457662
Nifty Midcap 150 TRI,2025-10-08,22813.27248022252
Nifty Midcap 150 TRI,2025-10-09,23002.95814591044
Nifty Midcap 150 TRI,2025-10-10,23097.050431891294
Nifty Midcap 150 TRI,2025-10-13,23101.72552614357
Nifty Midcap 150 TRI,2025-10-14,22942.091567832373
Nifty Midcap 150 TRI,2025-10-15,23155.71131263783
Nifty Midcap 150 TRI,2025-10-16,23267.19277071798
Nifty Midcap 150 TRI,2025-10-17,23142.293175372764
Nifty Midcap 150 TRI,2025-10-20,23294.921692739244
Nifty Midcap 150 TRI,2025-10-21,23345.645112313476
Nifty Midcap 150 TRI,2025-10-23,23312.788333073608
Nifty Midcap 150 TRI,2025-10-24,23261.133316430936
Nifty Midcap 150 TRI,2025-10-27,23447.4844430546
Nifty Midcap 150 TRI,2025-10-28,23446.305760301166
Nifty Midcap 150 TRI,2025-10-29,23582.378232966614
Nifty Midcap 150 TRI,2025-10-30,23544.643753652246
Nifty Midcap 150 TRI,2025-10-31,23429.9101035488
Nifty Midcap 150 TRI,2025-11-03,23612.47949811547
Nifty Midcap 150 TRI,2025-11-04,23527.868443544943
Nifty Midcap 150 TRI,2025-11-06,23302.77797399648
Nifty Midcap 150 TRI,2025-11-07,23413.154073128964
Nifty Midcap 150 TRI,2025-11-10,23521.392611391497
Nifty Midcap 150 TRI,2025-11-11,23625.938001474024
Nifty Midcap 150 TRI,2025-11-12,23807.29461688185
Nifty Midcap 150 TRI,2025-11-13,23731.334335292995
Nifty Midcap 150 TRI,2025-11-14,23741.272955933044
Nifty Midcap 150 TRI,2025-11-17,23903.726212275462
Nifty Midcap 150 TRI,2025-11-18,23755.72402004793
Nifty Midcap 150 TRI,2025-11-19,23832.862324300506
Nifty Midcap 150 TRI,2025-11-20,23825.04649450361
Nifty Midcap 150 TRI,2025-11-21,23553.84578811717
Nifty Midcap 150 TRI,2025-11-24,23479.28011151998
Nifty Midcap 150 TRI,2025-11-25,23540.523405717144
Nifty Midcap 150 TRI,2025-11-26,23841.686629598997
Nifty Midcap 150 TRI,2025-11-27,23843.33496404715
Nifty Midcap 150 TRI,2025-11-28,23817.652080903423
Nifty Midcap 150 TRI,2025-12-01,23794.836526685853
Nifty Midcap 150 TRI,2025-12-02,23748.14148605008
Nifty Midcap 150 TRI,2025-12-03,23538.443867441143
Nifty Midcap 150 TRI,2025-12-04,23529.022435466853
Nifty Midcap 150 TRI,2025-12-05,23622.300536175448
Nifty Midcap 150 TRI,2025-12-08,23222.040904946385
Nifty Midcap 150 TRI,2025-12-09,23308.777826459947
Nifty Midcap 150 TRI,2025-12-10,23093.288277998825
Nifty Midcap 150 TRI,2025-12-11,23291.03814365527
Nifty Midcap 150 TRI,2025-12-12,23566.992268587117
Nifty Midcap 150 TRI,2025-12-15,23552.449469741834
Nifty Midcap 150 TRI,2025-12-16,23371.45928951963
Nifty Midcap 150 TRI,2025-12-17,23244.458327747896
Nifty Midcap 150 TRI,2025-12-18,23294.50584796627
Nifty Midcap 150 TRI,2025-12-19,23564.709083573372
Nifty Midcap 150 TRI,2025-12-22,23760.965519693178
Nifty Midcap 150 TRI,2025-12-23,23787.674324221964
Nifty Midcap 150 TRI,2025-12-24,23675.294207262396
Nifty Midcap 150 TRI,2025-12-26,23616.2203597635
Nifty Midcap 150 TRI,2025-12-29,23522.382012066202
Nifty Midcap 150 TRI,2025-12-30,23481.39774229571
Nifty Midcap 150 TRI,2025-12-31,23710.812809686
Nifty Midcap 150 TRI,2026-01-02,24033.591000241493
Nifty Midcap 150 TRI,2026-01-05,24010.235906995724
Nifty Midcap 150 TRI,2026-01-06,23963.081394527868
Nifty Midcap 150 TRI,2026-01-07,24065.760031746504
Nifty Midcap 150 TRI,2026-01-08,23612.894821377708
Nifty Midcap 150 TRI,2026-01-09,23406.248733281096
Nifty Midcap 150 TRI,2026-01-12,23368.52402873634
Nifty Midcap 150 TRI,2026-01-13,23336.99593912938
Nifty Midcap 150 TRI,2026-01-14,23387.344693439412
Nifty Midcap 150 TRI,2026-01-16,23398.767721199118
Nifty Midcap 150 TRI,2026-01-19,23297.57022089905
Nifty Midcap 150 TRI,2026-01-20,22719.00171843169
Nifty Midcap 150 TRI,2026-01-21,22489.376996996332
Nifty Midcap 150 TRI,2026-01-22,22764.205384612276
Nifty Midcap 150 TRI,2026-01-23,22373.442012971038
Nifty Midcap 150 TRI,2026-01-27,22493.379999206543
Nifty Midcap 150 TRI,2026-01-28,22858.035453903518
Nifty Midcap 150 TRI,2026-01-29,22882.775766820792
Nifty Midcap 150 TRI,2026-01-30,22891.059444721042
Nifty Midcap 150 TRI,2026-02-02,22635.437037853633
Nifty Midcap 150 TRI,2026-02-03,23296.983507697325
Nifty Midcap 150 TRI,2026-02-04,23438.332419390255
Nifty Midcap 150 TRI,2026-02-05,23363.803162486736
Nifty Midcap 150 TRI,2026-02-06,23359.42207374546
Nifty Midcap 150 TRI,2026-02-09,23728.868751955175
Nifty Midcap 150 TRI,2026-02-10,23822.94308493324
Nifty Midcap 150 TRI,2026-02-11,23828.482306964986
Nifty Midcap 150 TRI,2026-02-12,23709.73184767109
Nifty Midcap 150 TRI,2026-02-13,23318.149058248793
Nifty Midcap 150 TRI,2026-02-16,23418.805263179573
Nifty Midcap 150 TRI,2026-02-17,23485.981098109456
Nifty Midcap 150 TRI,2026-02-18,23614.70137577473
Nifty Midcap 150 TRI,2026-02-19,23245.972602520415
Nifty Midcap 150 TRI,2026-02-20,23358.226964301168
Nifty Midcap 150 TRI,2026-02-23,23321.471801595293
Nifty Midcap 150 TRI,2026-02-24,23256.070169222334
Nifty Midcap 150 TRI,2026-02-25,23404.63293138399
Nifty Midcap 150 TRI,2026-02-26,23541.742924209506
Nifty Midcap 150 TRI,2026-02-27,23286.7208193868
Nifty Midcap 150 TRI,2026-03-02,22892.856668998764
Nifty Midcap 150 TRI,2026-03-04,22391.56668201278
Nifty Midcap 150 TRI,2026-03-05,22734.368936911917
Nifty Midcap 150 TRI,2026-03-06,22581.20072233452
Nifty Midcap 150 TRI,2026-03-09,22121.91327898522
Nifty Midcap 150 TRI,2026-03-10,22474.612979220536
Nifty Midcap 150 TRI,2026-03-11,22218.850144544893
Nifty Midcap 150 TRI,2026-03-12,22167.73751483137
Nifty Midcap 150 TRI,2026-03-13,21573.420449908925
Nifty Midcap 150 TRI,2026-03-16,21495.512562232285
Nifty Midcap 150 TRI,2026-03-17,21718.374639958467
Nifty Midcap 150 TRI,2026-03-18,22123.973518749302
Nifty Midcap 150 TRI,2026-03-19,21444.307398141784
Nifty Midcap 150 TRI,2026-03-20,21570.620385089187
Nifty Midcap 150 TRI,2026-03-23,20739.102520305627
Nifty Midcap 150 TRI,2026-03-24,21257.681598463325
Nifty Midcap 150 TRI,2026-03-25,21755.4881253203
Nifty Midcap 150 TRI,2026-03-27,21281.91161507537
Nifty Midcap 150 TRI,2026-03-30,20726.824011939058
Nifty Midcap 150 TRI,2026-04-01,21195.28830400526
Nifty Midcap 150 TRI,2026-04-02,21127.96192836613
Nifty Midcap 150 TRI,2026-04-06,21434.201397552937
Nifty Midcap 150 TRI,2026-04-07,21456.38616496743
Nifty Midcap 150 TRI,2026-04-08,22308.907792243954
Nifty Midcap 150 TRI,2026-04-09,22369.258744080606
Nifty Midcap 150 TRI,2026-04-10,22727.03382746925
Nifty Midcap 150 TRI,2026-04-13,22597.776845714026
Nifty Midcap 150 TRI,2026-04-15,23097.066687555147
Nifty Midcap 150 TRI,2026-04-16,23242.818353785224
Nifty Midcap 150 TRI,2026-04-17,23525.866274005406
Nifty Midcap 150 TRI,2026-04-20,23506.200653532684
Nifty Midcap 150 TRI,2026-04-21,23631.060009299857
Nifty Midcap 150 TRI,2026-04-22,23684.41873229444
Nifty Midcap 150 TRI,2026-04-23,23587.072922500385
Nifty Midcap 150 TRI,2026-04-24,23349.257616067942
Nifty Midcap 150 TRI,2026-04-27,23695.221146894153
Nifty Midcap 150 TRI,2026-04-28,23719.607445152138
Nifty Midcap 150 TRI,2026-04-29,23711.2220619832
Nifty Midcap 150 TRI,2026-04-30,23485.173564908946
Nifty Midcap 150 TRI,2026-05-04,23653.437251830997
Nifty Midcap 150 TRI,2026-05-05,23680.44148808936
Nifty Midcap 150 TRI,2026-05-06,24082.730423083274
Nifty Midcap 150 TRI,2026-05-07,24348.587624894684
Nifty Midcap 150 TRI,2026-05-08,24314.432043701614
Nifty Midcap 150 TRI,2026-05-11,24053.756960315903
Nifty Midcap 150 TRI,2026-05-12,23446.81182805256
Nifty Midcap 150 TRI,2026-05-13,23595.656982018456
Nifty Midcap 150 TRI,2026-05-14,23874.577080179344
Nifty Midcap 150 TRI,2026-05-15,23769.225979002407
Nifty Midcap 150 TRI,2026-05-18,23712.824744744536
Nifty Midcap 150 TRI,2026-05-19,23896.301965627754
Nifty Midcap 150 TRI,2026-05-20,23985.161196788828
Nifty Midcap 150 TRI,2026-05-21,24008.97977714838
Nifty Midcap 150 TRI,2026-05-22,24036.322929538153
Nifty Midcap 150 TRI,2026-05-25,24241.202954504384
Nifty Midcap 150 TRI,2026-05-26,24349.845089582606
Nifty Midcap 150 TRI,2026-05-27,24445.941041091366
Nifty Midcap 150 TRI,2026-05-29,24112.239300722467
Nifty Midcap 150 TRI,2026-06-01,23786.88571870754
Nifty Midcap 150 TRI,2026-06-02,23830.89888331738
Nifty Midcap 150 TRI,2026-06-03,23740.296280167124
Nifty Midcap 150 TRI,2026-06-04,23842.85872492868
Nifty Midcap 150 TRI,2026-06-05,23774.904302699542
Nifty Midcap 150 TRI,2026-06-08,23429.007004926196
Nifty Midcap 150 TRI,2026-06-09,23739.249344157946
Nifty Midcap 150 TRI,2026-06-10,23423.477858047096
Nifty Midcap 150 TRI,2026-06-11,23224.06454374269
Nifty Midcap 150 TRI,2026-06-12,23785.505352401342
Nifty Midcap 150 TRI,2026-06-15,24136.937122184445
Nifty Midcap 150 TRI,2026-06-16,24229.762047960998
Nifty Midcap 150 TRI,2026-06-17,24353.103447714864
Nifty Midcap 150 TRI,2026-06-18,24468.007031004196
Nifty Midcap 150 TRI,2026-06-19,24553.84528910718
Nifty Midcap 150 TRI,2026-06-22,24662.65028523803
Nifty Midcap 150 TRI,2026-06-23,24428.627244614338
Nifty Midcap 150 TRI,2026-06-24,24449.482200676513
Nifty Midcap 150 TRI,2026-06-25,24320.256044563834
Nifty Midcap 150 TRI,2026-06-29,24246.309937492664
Nifty Midcap 150 TRI,2026-06-30,24348.041537122455
